critic_rating,is_action,is_exclusive_to_us,is_portable,is_role_playing,is_sequel,is_sports,suitable_for_kids,total_earnings,unit_price
0.4999999999999999,1.0,0.0,1.0,0.0,1.0,0.0,0.0,0.3747139609249367,1.0
0.8333333333333334,0.0,0.0,0.0,0.0,1.0,1.0,0.0,0.19242527864549636,0.5
0.33333333333333337,0.0,0.0,0.0,0.0,1.0,1.0,0.0,0.11485185116726125,0.5
0.8333333333333334,1.0,0.0,0.0,0.0,0.0,0.0,1.0,0.14245208036820023,0.0
0.6666666666666666,1.0,0.0,1.0,0.0,1.0,0.0,1.0,0.4806824273118796,1.0
0.6666666666666666,0.0,0.0,0.0,1.0,1.0,0.0,0.0,0.13972015304707863,0.0
0.0,1.0,0.0,0.0,0.0,1.0,0.0,0.0,0.11338792258923126,0.5
0.8333333333333334,0.0,0.0,1.0,1.0,1.0,0.0,1.0,0.44906748488937354,1.0
0.4999999999999999,0.0,0.0,1.0,0.0,0.0,1.0,0.0,0.06127428328496702,0.0
0.16666666666666663,1.0,0.0,0.0,0.0,1.0,0.0,0.0,0.20668009833459638,1.0
0.8333333333333334,1.0,0.0,1.0,0.0,1.0,0.0,0.0,0.4777545701558197,1.0
0.4999999999999999,0.0,0.0,0.0,1.0,0.0,0.0,0.0,0.13232657437015954,1.0
0.4999999999999999,0.0,0.0,0.0,1.0,1.0,0.0,0.0,0.17925361823256503,0.5
0.6666666666666666,0.0,0.0,0.0,1.0,0.0,0.0,0.0,0.16335742407718895,1.0
0.4999999999999999,0.0,0.0,0.0,1.0,1.0,0.0,0.0,0.23946692297739414,1.0
0.6666666666666666,0.0,0.0,0.0,1.0,1.0,0.0,1.0,0.31206816879540117,1.0
0.4999999999999999,1.0,0.0,0.0,0.0,1.0,0.0,0.0,0.2285281233248923,0.5
0.33333333333333337,1.0,0.0,0.0,0.0,1.0,0.0,1.0,0.29274505092327313,1.0
0.16666666666666663,1.0,1.0,0.0,0.0,1.0,0.0,0.0,0.3480564130053049,0.5
0.9999999999999999,1.0,0.0,0.0,0.0,1.0,0.0,0.0,0.42799208887081575,1.0
0.6666666666666666,0.0,0.0,0.0,0.0,1.0,1.0,0.0,0.2248313339864328,1.0
0.8333333333333334,0.0,0.0,0.0,0.0,0.0,1.0,1.0,0.1280235115801926,0.5
0.16666666666666663,0.0,1.0,0.0,1.0,1.0,0.0,1.0,0.40164507125561455,1.0
0.6666666666666666,1.0,0.0,0.0,0.0,1.0,0.0,1.0,0.2963420269495943,0.5
0.8333333333333334,1.0,0.0,0.0,0.0,1.0,0.0,1.0,0.2486090830114046,0.0
0.8333333333333334,0.0,0.0,0.0,0.0,1.0,1.0,1.0,0.28923310105173655,1.0
0.0,0.0,0.0,0.0,1.0,1.0,0.0,1.0,0.06283432838579693,0.0
0.4999999999999999,1.0,0.0,1.0,0.0,1.0,0.0,0.0,0.29536607456424097,0.5
0.4999999999999999,0.0,0.0,0.0,1.0,1.0,0.0,1.0,0.2693258904641319,1.0
0.0,1.0,0.0,1.0,0.0,0.0,0.0,1.0,0.10460804791038984,0.5
0.4999999999999999,1.0,1.0,0.0,0.0,1.0,0.0,0.0,0.4651485185116726,0.5
0.8333333333333334,0.0,0.0,0.0,0.0,1.0,1.0,1.0,0.28864900833625995,1.0
0.8333333333333334,1.0,0.0,0.0,0.0,0.0,0.0,0.0,0.17730171346185836,0.5
0.4999999999999999,0.0,0.0,0.0,0.0,1.0,1.0,0.0,0.19321639156392673,1.0
0.33333333333333337,1.0,0.0,0.0,0.0,1.0,0.0,0.0,0.2488345871610506,1.0
0.33333333333333337,0.0,1.0,0.0,1.0,1.0,0.0,0.0,0.4174525424668676,1.0
0.6666666666666666,0.0,0.0,0.0,1.0,1.0,0.0,0.0,0.2734256298404835,1.0
0.4999999999999999,1.0,1.0,0.0,0.0,1.0,0.0,0.0,0.5790429012402728,1.0
0.4999999999999999,1.0,0.0,0.0,0.0,1.0,0.0,0.0,0.2986007652353931,1.0
0.0,0.0,0.0,1.0,1.0,1.0,0.0,0.0,0.1774089203526737,1.0
0.6666666666666666,0.0,0.0,0.0,1.0,1.0,0.0,0.0,0.20852479621448772,0.5
0.0,0.0,0.0,1.0,0.0,0.0,1.0,1.0,0.013659636605608025,0.0
0.6666666666666666,0.0,0.0,0.0,0.0,1.0,1.0,1.0,0.25469030147317057,1.0
0.9999999999999999,0.0,0.0,0.0,0.0,1.0,1.0,0.0,0.28747712611596826,1.0
0.0,1.0,1.0,1.0,0.0,1.0,0.0,0.0,0.45726326685273844,1.0
0.6666666666666666,1.0,0.0,0.0,0.0,0.0,0.0,1.0,0.12294042623981073,0.0
0.8333333333333334,1.0,1.0,0.0,0.0,1.0,0.0,0.0,0.43984769227925546,0.0
0.4999999999999999,0.0,1.0,1.0,0.0,1.0,1.0,0.0,0.5064453522116042,1.0
0.16666666666666663,1.0,0.0,0.0,0.0,1.0,0.0,1.0,0.24063880519768582,1.0
0.6666666666666666,0.0,0.0,0.0,1.0,0.0,0.0,0.0,0.16276963457237387,1.0
0.6666666666666666,0.0,0.0,0.0,1.0,1.0,0.0,0.0,0.2710818653999002,1.0
0.6666666666666666,0.0,0.0,0.0,1.0,1.0,0.0,0.0,0.14089203526737026,0.0
0.8333333333333334,1.0,1.0,0.0,0.0,1.0,0.0,0.0,0.7353653352063733,1.0
0.8333333333333334,0.0,0.0,0.0,0.0,1.0,1.0,0.0,0.2535184192528789,1.0
0.8333333333333334,1.0,0.0,0.0,0.0,0.0,0.0,0.0,0.2418106874179775,1.0
0.6666666666666666,0.0,0.0,1.0,1.0,1.0,0.0,0.0,0.34426720393338384,1.0
0.6666666666666666,0.0,0.0,0.0,1.0,0.0,0.0,0.0,0.15984177741631395,1.0
0.6666666666666666,1.0,0.0,1.0,0.0,1.0,0.0,0.0,0.2474408975804514,0.0
0.8333333333333334,1.0,0.0,1.0,0.0,1.0,0.0,1.0,0.3235430029019796,0.0
0.16666666666666663,0.0,0.0,1.0,1.0,1.0,0.0,0.0,0.21839152695883624,1.0
0.33333333333333337,0.0,0.0,0.0,1.0,1.0,0.0,0.0,0.0928855289181346,0.0
0.16666666666666663,1.0,0.0,0.0,0.0,0.0,0.0,0.0,0.03707510027541082,0.0
0.8333333333333334,0.0,1.0,0.0,0.0,0.0,1.0,0.0,0.18187094508419438,0.0
0.0,0.0,0.0,0.0,0.0,1.0,1.0,1.0,0.11885917081015139,1.0
0.16666666666666663,1.0,0.0,1.0,0.0,0.0,0.0,0.0,0.15984177741631395,1.0
0.33333333333333337,0.0,0.0,1.0,1.0,1.0,0.0,0.0,0.13894013049666365,0.0
0.8333333333333334,1.0,1.0,1.0,0.0,1.0,0.0,0.0,0.555764218775993,0.0
0.33333333333333337,1.0,0.0,0.0,0.0,1.0,0.0,1.0,0.2915768654923199,1.0
0.6666666666666666,1.0,0.0,0.0,0.0,1.0,0.0,0.0,0.33841148962126394,1.0
0.4999999999999999,1.0,1.0,1.0,0.0,1.0,0.0,0.0,0.7137021496830003,1.0
0.16666666666666663,0.0,1.0,1.0,1.0,1.0,0.0,0.0,0.4443836527975453,1.0
0.16666666666666663,1.0,1.0,0.0,0.0,0.0,0.0,1.0,0.31675200088722943,1.0
0.8333333333333334,0.0,1.0,1.0,0.0,1.0,1.0,0.0,0.6358329790576884,1.0
0.33333333333333337,1.0,0.0,0.0,0.0,0.0,0.0,0.0,0.1026561431396832,0.5
0.6666666666666666,1.0,0.0,0.0,0.0,0.0,0.0,0.0,0.21019574499547145,1.0
0.6666666666666666,1.0,0.0,0.0,0.0,1.0,0.0,1.0,0.3875935749801298,1.0
0.9999999999999999,0.0,1.0,0.0,1.0,1.0,0.0,1.0,0.46131494796769,0.0
0.8333333333333334,1.0,0.0,1.0,0.0,1.0,0.0,0.0,0.4724866453485148,1.0
0.33333333333333337,0.0,0.0,0.0,1.0,0.0,0.0,1.0,0.12939871721409957,1.0
0.0,1.0,0.0,0.0,0.0,0.0,0.0,1.0,0.02809929576163102,0.0
0.4999999999999999,1.0,0.0,0.0,0.0,0.0,0.0,0.0,0.176237038132382,1.0
0.8333333333333334,0.0,1.0,0.0,0.0,0.0,1.0,0.0,0.3308034971627142,1.0
0.6666666666666666,1.0,0.0,0.0,0.0,1.0,0.0,0.0,0.1861629175061459,0.0
0.33333333333333337,0.0,0.0,0.0,1.0,1.0,0.0,0.0,0.14753886249792053,0.5
0.8333333333333334,0.0,0.0,1.0,0.0,0.0,1.0,1.0,0.1194247795789357,0.0
0.8333333333333334,0.0,0.0,0.0,0.0,0.0,1.0,1.0,0.17272508826084543,1.0
0.0,1.0,0.0,0.0,0.0,1.0,0.0,0.0,0.16160144914142066,1.0
0.4999999999999999,1.0,1.0,0.0,0.0,1.0,0.0,0.0,0.5813829688915177,1.0
0.9999999999999999,1.0,0.0,0.0,0.0,1.0,0.0,0.0,0.42564832443023237,1.0
0.6666666666666666,0.0,1.0,0.0,0.0,1.0,1.0,0.0,0.36415962736363466,0.5
0.6666666666666666,0.0,0.0,0.0,1.0,1.0,0.0,0.0,0.2751816047762518,1.0
0.33333333333333337,0.0,1.0,0.0,1.0,1.0,0.0,1.0,0.4759985952200514,1.0
0.0,0.0,0.0,0.0,1.0,1.0,0.0,0.0,0.1264708600580396,1.0
0.4999999999999999,0.0,0.0,0.0,1.0,1.0,0.0,1.0,0.20901277240716437,0.5
0.9999999999999999,0.0,0.0,0.0,1.0,0.0,0.0,0.0,0.15729838635145377,0.5
0.33333333333333337,0.0,0.0,1.0,0.0,1.0,1.0,0.0,0.21136393042642465,1.0
0.4999999999999999,0.0,0.0,0.0,1.0,1.0,0.0,0.0,0.1194247795789357,0.0
0.6666666666666666,0.0,1.0,1.0,1.0,1.0,0.0,0.0,0.6785715605996192,1.0
0.4999999999999999,0.0,0.0,0.0,1.0,1.0,0.0,1.0,0.26522984787711873,1.0
0.6666666666666666,1.0,0.0,0.0,0.0,0.0,0.0,0.0,0.15095469584665716,0.5
0.4999999999999999,1.0,0.0,1.0,0.0,1.0,0.0,0.0,0.38173786066800985,1.0
0.4999999999999999,1.0,0.0,0.0,0.0,1.0,0.0,0.0,0.29274505092327313,1.0
0.4999999999999999,0.0,0.0,1.0,1.0,1.0,0.0,1.0,0.19241049148814254,0.0
0.0,1.0,0.0,0.0,0.0,1.0,0.0,0.0,0.07298201511986839,0.0
0.6666666666666666,0.0,1.0,0.0,1.0,0.0,0.0,1.0,0.40164507125561455,1.0
0.6666666666666666,0.0,0.0,0.0,1.0,1.0,0.0,0.0,0.20364503428772113,0.5
0.4999999999999999,0.0,0.0,0.0,0.0,0.0,1.0,1.0,0.1252989778377479,1.0
0.6666666666666666,1.0,0.0,0.0,0.0,1.0,0.0,0.0,0.33489953974972736,1.0
0.4999999999999999,0.0,1.0,0.0,0.0,0.0,1.0,1.0,0.29274505092327313,1.0
0.4999999999999999,1.0,0.0,0.0,0.0,1.0,0.0,0.0,0.227552170939539,0.5
0.6666666666666666,1.0,0.0,1.0,0.0,0.0,0.0,0.0,0.14362396258849192,0.0
0.6666666666666666,0.0,0.0,0.0,1.0,1.0,0.0,1.0,0.23925990277444037,0.5
0.0,0.0,0.0,0.0,1.0,0.0,0.0,0.0,0.0,0.0
0.33333333333333337,1.0,0.0,0.0,0.0,1.0,0.0,0.0,0.1919373024528197,0.5
0.4999999999999999,1.0,0.0,1.0,0.0,1.0,0.0,0.0,0.37061422154858503,1.0
0.6666666666666666,1.0,0.0,0.0,0.0,0.0,0.0,0.0,0.20668009833459638,1.0
0.16666666666666663,1.0,0.0,0.0,0.0,1.0,0.0,0.0,0.15095469584665716,0.5
0.4999999999999999,0.0,0.0,0.0,1.0,1.0,0.0,0.0,0.23537088039038095,1.0
0.6666666666666666,1.0,0.0,0.0,0.0,1.0,0.0,0.0,0.18772665939631428,0.0
0.8333333333333334,0.0,0.0,0.0,1.0,1.0,0.0,1.0,0.3483669433097355,1.0
0.16666666666666663,0.0,0.0,0.0,0.0,0.0,1.0,0.0,0.05562928596513929,1.0
0.0,1.0,0.0,0.0,0.0,0.0,0.0,0.0,0.05045008410195746,0.5
0.8333333333333334,0.0,0.0,0.0,1.0,0.0,0.0,0.0,0.18443282009574685,1.0
0.6666666666666666,0.0,0.0,1.0,1.0,1.0,0.0,0.0,0.3466109683739672,1.0
0.6666666666666666,1.0,0.0,0.0,0.0,1.0,0.0,1.0,0.21270216816694698,0.0
0.4999999999999999,0.0,0.0,0.0,1.0,1.0,0.0,0.0,0.1182565941479825,0.0
0.8333333333333334,1.0,0.0,1.0,0.0,0.0,0.0,0.0,0.30914031163934125,1.0
0.8333333333333334,1.0,0.0,0.0,0.0,1.0,0.0,0.0,0.30122178887636086,0.5
0.4999999999999999,0.0,0.0,0.0,0.0,1.0,1.0,0.0,0.13875898781907914,0.5
0.0,1.0,0.0,0.0,0.0,1.0,0.0,0.0,0.16511339901295724,1.0
0.16666666666666663,0.0,0.0,1.0,0.0,1.0,1.0,1.0,0.20609600561911978,1.0
0.8333333333333334,1.0,1.0,0.0,0.0,1.0,0.0,0.0,0.4464834291417904,0.0
0.6666666666666666,0.0,1.0,0.0,1.0,1.0,0.0,0.0,0.5445001016617068,1.0
0.4999999999999999,1.0,1.0,0.0,0.0,1.0,0.0,0.0,0.3489140681318275,0.0
0.4999999999999999,1.0,1.0,0.0,0.0,0.0,0.0,0.0,0.21114212306611707,0.0
0.16666666666666663,1.0,0.0,0.0,0.0,1.0,0.0,1.0,0.2418106874179775,1.0
0.33333333333333337,1.0,1.0,0.0,0.0,1.0,0.0,0.0,0.5023456128352526,1.0
0.4999999999999999,0.0,1.0,0.0,0.0,0.0,1.0,0.0,0.2576181586292305,1.0
0.6666666666666666,1.0,1.0,0.0,0.0,1.0,0.0,0.0,0.40004066468272304,0.0
0.0,0.0,0.0,1.0,1.0,0.0,0.0,0.0,0.08607234616735367,1.0
0.4999999999999999,0.0,0.0,1.0,0.0,1.0,1.0,1.0,0.28981719376721315,1.0
0.4999999999999999,0.0,1.0,1.0,0.0,0.0,1.0,0.0,0.3284597327221308,1.0
0.0,0.0,0.0,0.0,1.0,1.0,0.0,0.0,0.12178702796621137,1.0
0.4999999999999999,0.0,0.0,0.0,1.0,0.0,0.0,0.0,0.09240864309347334,0.5
0.4999999999999999,0.0,0.0,0.0,1.0,1.0,0.0,0.0,0.11903661669839745,0.0
0.8333333333333334,1.0,0.0,1.0,0.0,1.0,0.0,0.0,0.48478216668823126,1.0
0.6666666666666666,0.0,0.0,0.0,0.0,0.0,1.0,0.0,0.0441026968078224,0.0
0.4999999999999999,0.0,1.0,0.0,0.0,1.0,1.0,0.0,0.31341749690393894,0.5
0.6666666666666666,0.0,0.0,0.0,1.0,1.0,0.0,0.0,0.2060849152511044,0.5
0.8333333333333334,1.0,0.0,0.0,0.0,1.0,0.0,0.0,0.21621781482782204,0.0
0.8333333333333334,0.0,1.0,1.0,0.0,0.0,1.0,0.0,0.4285761815862923,1.0
0.6666666666666666,1.0,0.0,0.0,0.0,1.0,0.0,1.0,0.38349383560377814,1.0
0.9999999999999999,1.0,0.0,0.0,0.0,1.0,0.0,0.0,0.33342082401434353,0.5
0.33333333333333337,0.0,0.0,0.0,1.0,1.0,0.0,0.0,0.1973124341509399,1.0
0.0,0.0,0.0,0.0,0.0,0.0,1.0,0.0,0.03630986488234968,1.0
0.4999999999999999,1.0,1.0,1.0,0.0,1.0,0.0,0.0,0.43711576495813387,0.0
0.8333333333333334,0.0,0.0,0.0,0.0,1.0,1.0,0.0,0.2535184192528789,1.0
0.0,0.0,0.0,1.0,0.0,0.0,1.0,1.0,0.01795160902755956,0.0
0.16666666666666663,0.0,0.0,0.0,0.0,0.0,1.0,1.0,0.07202084989186892,1.0
0.6666666666666666,0.0,0.0,0.0,1.0,1.0,0.0,1.0,0.2416997837378237,0.5
0.16666666666666663,0.0,0.0,0.0,1.0,1.0,0.0,0.0,0.16042956692112897,1.0
0.6666666666666666,0.0,0.0,0.0,1.0,1.0,0.0,1.0,0.30796842941904956,1.0
0.16666666666666663,0.0,0.0,0.0,0.0,1.0,1.0,0.0,0.12881462449862296,1.0
0.8333333333333334,0.0,0.0,0.0,1.0,1.0,0.0,0.0,0.31323635422635443,1.0
0.6666666666666666,0.0,0.0,0.0,1.0,1.0,0.0,1.0,0.31440823644664606,1.0
0.4999999999999999,1.0,0.0,0.0,0.0,1.0,0.0,0.0,0.15884364429492986,0.0
0.0,0.0,0.0,1.0,1.0,1.0,0.0,0.0,0.07805770688157336,0.0
0.6666666666666666,0.0,0.0,0.0,1.0,1.0,0.0,1.0,0.31323635422635443,1.0
0.33333333333333337,1.0,0.0,0.0,0.0,1.0,0.0,0.0,0.1287924437625922,0.0
0.6666666666666666,1.0,0.0,0.0,0.0,0.0,0.0,0.0,0.15388255300271714,0.5
0.6666666666666666,1.0,0.0,1.0,0.0,1.0,0.0,0.0,0.4233082567789874,1.0
0.9999999999999999,0.0,1.0,0.0,1.0,0.0,0.0,0.0,0.4414557956414854,1.0
0.9999999999999999,1.0,0.0,0.0,0.0,1.0,0.0,0.0,0.42447644220994063,1.0
0.16666666666666663,0.0,0.0,1.0,0.0,1.0,1.0,0.0,0.1756529454169054,1.0
0.6666666666666666,0.0,1.0,0.0,0.0,0.0,1.0,0.0,0.29216095820779653,1.0
0.9999999999999999,1.0,1.0,0.0,0.0,0.0,0.0,0.0,0.533376462542282,1.0
0.6666666666666666,1.0,0.0,0.0,0.0,1.0,0.0,0.0,0.2568233489214617,0.5
0.4999999999999999,0.0,0.0,1.0,0.0,0.0,1.0,1.0,0.07454206022069833,0.0
0.8333333333333334,0.0,0.0,0.0,1.0,1.0,0.0,0.0,0.31323635422635443,1.0
0.9999999999999999,0.0,1.0,0.0,1.0,1.0,0.0,0.0,0.661595903957413,1.0
0.4999999999999999,1.0,0.0,1.0,0.0,1.0,0.0,0.0,0.3758821463558899,1.0
0.9999999999999999,0.0,0.0,1.0,1.0,0.0,0.0,1.0,0.17445518567124452,0.0
0.8333333333333334,0.0,0.0,0.0,0.0,1.0,1.0,1.0,0.2962606975841482,1.0
0.6666666666666666,0.0,1.0,0.0,0.0,1.0,1.0,0.0,0.46194709894456665,1.0
0.6666666666666666,1.0,1.0,0.0,0.0,0.0,0.0,0.0,0.24782906046098963,0.0
0.6666666666666666,0.0,0.0,0.0,1.0,1.0,0.0,1.0,0.30914031163934125,1.0
0.6666666666666666,1.0,1.0,1.0,0.0,1.0,0.0,0.0,0.5034657400048058,0.0
0.6666666666666666,0.0,0.0,0.0,1.0,0.0,0.0,0.0,0.16160144914142066,1.0
0.16666666666666663,0.0,0.0,0.0,0.0,1.0,1.0,0.0,0.13057059943439125,1.0
0.0,1.0,1.0,1.0,0.0,1.0,0.0,0.0,0.4549231992014935,1.0
0.8333333333333334,1.0,1.0,0.0,0.0,1.0,0.0,1.0,0.8097188591708102,1.0
0.0,0.0,0.0,0.0,0.0,1.0,1.0,0.0,0.09719598528677843,1.0
0.8333333333333334,1.0,1.0,0.0,0.0,1.0,0.0,1.0,0.8202584055747584,1.0
0.16666666666666663,1.0,1.0,0.0,0.0,1.0,0.0,0.0,0.4385279384854254,1.0
0.16666666666666663,0.0,0.0,0.0,1.0,1.0,0.0,0.0,0.16569749172843384,1.0
0.4999999999999999,0.0,1.0,1.0,1.0,1.0,0.0,1.0,0.6639359716086579,1.0
0.8333333333333334,1.0,1.0,0.0,0.0,0.0,0.0,0.0,0.4894659987800595,1.0
0.9999999999999999,0.0,0.0,0.0,1.0,0.0,0.0,1.0,0.24532263728951403,1.0
0.0,1.0,0.0,0.0,0.0,0.0,0.0,0.0,0.08724422838764533,1.0
0.9999999999999999,0.0,0.0,0.0,0.0,1.0,1.0,0.0,0.2915768654923199,1.0
0.0,0.0,0.0,0.0,0.0,1.0,1.0,0.0,0.057281750799430695,0.5
0.6666666666666666,0.0,0.0,0.0,0.0,1.0,1.0,1.0,0.25703036912441546,1.0
0.0,0.0,0.0,0.0,1.0,1.0,0.0,0.0,0.12295891018650303,1.0
0.8333333333333334,1.0,0.0,1.0,0.0,1.0,0.0,0.0,0.48185430953217134,1.0
0.16666666666666663,0.0,0.0,0.0,1.0,1.0,0.0,1.0,0.08625348884493818,0.0
0.9999999999999999,0.0,1.0,0.0,1.0,1.0,0.0,0.0,0.6662797360492413,1.0
0.4999999999999999,1.0,0.0,0.0,0.0,1.0,0.0,0.0,0.28806121883144487,1.0
0.4999999999999999,1.0,0.0,1.0,0.0,1.0,0.0,0.0,0.37998188573224156,1.0
0.8333333333333334,0.0,0.0,1.0,1.0,1.0,0.0,1.0,0.2583686068649378,0.0
0.8333333333333334,1.0,1.0,0.0,0.0,0.0,0.0,0.0,0.48653814162399955,1.0
0.0,1.0,1.0,0.0,0.0,1.0,0.0,1.0,0.3987172140995545,1.0
0.6666666666666666,0.0,0.0,0.0,0.0,1.0,1.0,1.0,0.2587900408495222,1.0
0.16666666666666663,1.0,0.0,0.0,0.0,1.0,0.0,1.0,0.1758377848838284,0.5
0.6666666666666666,0.0,0.0,0.0,1.0,1.0,0.0,0.0,0.2763534869965435,1.0
0.9999999999999999,1.0,0.0,0.0,0.0,0.0,0.0,0.0,0.26581394059259533,1.0
0.6666666666666666,1.0,1.0,0.0,0.0,1.0,0.0,0.0,0.6621799966728896,1.0
0.6666666666666666,1.0,0.0,1.0,0.0,1.0,0.0,0.0,0.42799208887081575,1.0
0.6666666666666666,1.0,0.0,0.0,0.0,1.0,0.0,0.0,0.33489953974972736,1.0
0.0,1.0,0.0,1.0,0.0,0.0,0.0,1.0,0.1002162621762999,0.5
0.6666666666666666,0.0,1.0,1.0,0.0,0.0,1.0,0.0,0.21660597770836026,0.0
0.4999999999999999,0.0,0.0,0.0,1.0,1.0,0.0,0.0,0.2312711410140293,1.0
0.4999999999999999,1.0,0.0,1.0,0.0,1.0,0.0,1.0,0.24782906046098963,0.0
0.4999999999999999,1.0,0.0,0.0,0.0,1.0,0.0,0.0,0.2915768654923199,1.0
0.6666666666666666,1.0,0.0,1.0,0.0,1.0,0.0,0.0,0.34171641928984675,0.5
0.6666666666666666,0.0,0.0,0.0,1.0,1.0,0.0,0.0,0.2751816047762518,1.0
0.4999999999999999,0.0,0.0,0.0,1.0,1.0,0.0,0.0,0.17827766584721172,0.5
0.4999999999999999,1.0,0.0,0.0,0.0,1.0,0.0,1.0,0.18226280475407108,0.0
0.6666666666666666,1.0,0.0,1.0,0.0,0.0,0.0,0.0,0.20364503428772113,0.5
0.4999999999999999,1.0,0.0,0.0,0.0,1.0,0.0,0.0,0.2226724090127724,0.5
0.6666666666666666,0.0,0.0,0.0,1.0,1.0,0.0,0.0,0.14206391748766195,0.0
0.8333333333333334,0.0,1.0,0.0,1.0,1.0,0.0,1.0,0.5407700412192011,0.5
0.8333333333333334,1.0,0.0,0.0,0.0,1.0,0.0,1.0,0.4262324171457089,1.0
0.16666666666666663,1.0,0.0,0.0,0.0,0.0,0.0,0.0,0.07728507790983531,0.5
0.6666666666666666,1.0,0.0,1.0,0.0,1.0,0.0,0.0,0.42916027430176895,1.0
0.8333333333333334,1.0,0.0,0.0,0.0,0.0,0.0,1.0,0.2710818653999002,1.0
0.33333333333333337,1.0,0.0,0.0,0.0,1.0,0.0,0.0,0.2500064693813423,1.0
0.16666666666666663,1.0,0.0,0.0,0.0,1.0,0.0,0.0,0.09600931590913293,0.0
0.6666666666666666,0.0,1.0,0.0,1.0,1.0,0.0,1.0,0.4939354170902571,0.5
0.4999999999999999,1.0,1.0,0.0,0.0,0.0,0.0,0.0,0.29536607456424097,0.5
0.8333333333333334,1.0,1.0,0.0,0.0,1.0,0.0,0.0,0.43984769227925546,0.0
0.8333333333333334,1.0,1.0,0.0,0.0,1.0,0.0,0.0,0.5802887192473337,0.5
0.33333333333333337,0.0,0.0,0.0,1.0,1.0,0.0,1.0,0.2312711410140293,1.0
0.6666666666666666,0.0,0.0,0.0,1.0,1.0,0.0,0.0,0.2734256298404835,1.0
0.6666666666666666,0.0,0.0,0.0,1.0,1.0,0.0,0.0,0.2763534869965435,1.0
0.0,1.0,0.0,0.0,0.0,1.0,0.0,0.0,0.16862534888449382,1.0
0.33333333333333337,0.0,1.0,1.0,0.0,1.0,1.0,0.0,0.4525794347609101,1.0
0.4999999999999999,1.0,0.0,0.0,0.0,0.0,0.0,0.0,0.176237038132382,1.0
0.6666666666666666,0.0,1.0,0.0,1.0,1.0,0.0,0.0,0.5456719838819984,1.0
0.4999999999999999,0.0,0.0,0.0,1.0,1.0,0.0,0.0,0.23653906582133416,1.0
0.0,0.0,0.0,0.0,1.0,1.0,0.0,0.0,0.12471488512227132,1.0
0.6666666666666666,1.0,0.0,1.0,0.0,1.0,0.0,0.0,0.42916027430176895,1.0
0.6666666666666666,0.0,0.0,0.0,0.0,1.0,1.0,1.0,0.19486515960887968,0.5
0.6666666666666666,1.0,0.0,0.0,0.0,1.0,0.0,0.0,0.2568233489214617,0.5
0.4999999999999999,0.0,0.0,1.0,1.0,1.0,0.0,0.0,0.3009445296759764,1.0
0.6666666666666666,0.0,0.0,1.0,0.0,1.0,1.0,1.0,0.33607142197001905,1.0
0.6666666666666666,0.0,0.0,0.0,1.0,0.0,0.0,1.0,0.19087262712334335,1.0
0.6666666666666666,1.0,0.0,0.0,0.0,1.0,0.0,0.0,0.3407552540618473,1.0
0.6666666666666666,1.0,0.0,0.0,0.0,1.0,0.0,0.0,0.18226280475407108,0.0
0.9999999999999999,1.0,1.0,0.0,0.0,0.0,0.0,0.0,0.3223748174710264,0.0
0.4999999999999999,1.0,1.0,0.0,0.0,1.0,0.0,0.0,0.5813829688915177,1.0
0.4999999999999999,1.0,0.0,0.0,0.0,1.0,0.0,0.0,0.29040498327202824,1.0
0.4999999999999999,1.0,0.0,0.0,0.0,0.0,0.0,1.0,0.1553464815807471,0.5
0.8333333333333334,0.0,0.0,0.0,1.0,1.0,0.0,0.0,0.16743128592817136,0.0
0.0,0.0,1.0,0.0,0.0,1.0,1.0,0.0,0.2423947801334541,1.0
0.9999999999999999,0.0,0.0,0.0,0.0,0.0,1.0,0.0,0.1709691133250772,1.0
0.6666666666666666,1.0,0.0,0.0,0.0,0.0,0.0,0.0,0.21019574499547145,1.0
0.6666666666666666,1.0,0.0,0.0,0.0,0.0,0.0,1.0,0.23712685532614924,1.0
0.33333333333333337,0.0,0.0,0.0,1.0,1.0,0.0,0.0,0.1943882737842184,1.0
0.6666666666666666,0.0,0.0,1.0,1.0,1.0,0.0,0.0,0.35480675033733206,1.0
0.4999999999999999,1.0,1.0,1.0,0.0,1.0,0.0,0.0,0.727753645958485,1.0
0.0,0.0,0.0,1.0,0.0,0.0,1.0,1.0,0.04801389992791262,0.5
0.6666666666666666,1.0,0.0,0.0,0.0,1.0,0.0,0.0,0.18304282730448607,0.0
0.4999999999999999,1.0,1.0,1.0,0.0,1.0,0.0,0.0,0.4417995970499621,0.0
0.0,0.0,0.0,0.0,1.0,0.0,0.0,1.0,0.043622114193822684,0.5
0.4999999999999999,0.0,0.0,1.0,1.0,1.0,0.0,0.0,0.2997726474556847,1.0
0.8333333333333334,0.0,0.0,0.0,1.0,0.0,0.0,0.0,0.18502060960056194,1.0
0.8333333333333334,1.0,1.0,0.0,0.0,1.0,0.0,1.0,0.8009389844919688,1.0
0.8333333333333334,0.0,0.0,0.0,1.0,1.0,0.0,1.0,0.35480675033733206,1.0
0.4999999999999999,0.0,0.0,0.0,0.0,1.0,1.0,0.0,0.19497236649969502,1.0
0.33333333333333337,1.0,0.0,0.0,0.0,1.0,0.0,0.0,0.25469030147317057,1.0
0.6666666666666666,1.0,0.0,1.0,0.0,1.0,0.0,0.0,0.4332600136781205,1.0
0.33333333333333337,1.0,0.0,0.0,0.0,1.0,0.0,0.0,0.18900944529675978,0.5
0.4999999999999999,0.0,0.0,1.0,0.0,1.0,1.0,0.0,0.2529343265374023,1.0
0.4999999999999999,0.0,0.0,1.0,1.0,1.0,0.0,1.0,0.2660948965823183,0.5
0.4999999999999999,1.0,1.0,1.0,0.0,0.0,0.0,0.0,0.47482671299975976,1.0
0.9999999999999999,0.0,0.0,0.0,0.0,1.0,1.0,1.0,0.33255947209848247,1.0
0.8333333333333334,1.0,0.0,0.0,0.0,1.0,0.0,0.0,0.38232195338348646,1.0
0.4999999999999999,1.0,0.0,0.0,0.0,1.0,0.0,0.0,0.29274505092327313,1.0
0.4999999999999999,1.0,0.0,1.0,0.0,0.0,0.0,0.0,0.17290992772776842,0.5
0.4999999999999999,1.0,0.0,1.0,0.0,0.0,0.0,0.0,0.2312711410140293,1.0
0.6666666666666666,0.0,0.0,0.0,0.0,1.0,1.0,0.0,0.11162085728544759,0.0
0.8333333333333334,0.0,0.0,0.0,1.0,1.0,0.0,1.0,0.27097465850908486,0.5
0.9999999999999999,0.0,0.0,0.0,0.0,0.0,1.0,0.0,0.12265947025008782,0.5
0.6666666666666666,1.0,1.0,0.0,0.0,1.0,0.0,1.0,0.733609360270605,1.0
0.4999999999999999,1.0,0.0,1.0,0.0,0.0,0.0,1.0,0.2740097225559601,1.0
0.4999999999999999,0.0,0.0,1.0,1.0,0.0,0.0,0.0,0.18209275244450196,1.0
0.6666666666666666,1.0,1.0,0.0,0.0,0.0,0.0,1.0,0.4935620413670727,1.0
0.6666666666666666,0.0,0.0,0.0,1.0,1.0,0.0,0.0,0.2710818653999002,1.0
0.4999999999999999,0.0,0.0,0.0,1.0,1.0,0.0,0.0,0.23244302323432098,1.0
0.4999999999999999,1.0,1.0,0.0,0.0,1.0,0.0,0.0,0.5714312119923847,1.0
0.16666666666666663,1.0,1.0,1.0,0.0,1.0,0.0,0.0,0.5497680264690117,1.0
0.4999999999999999,1.0,0.0,0.0,0.0,1.0,0.0,1.0,0.34017116134637065,1.0
0.16666666666666663,0.0,1.0,0.0,1.0,1.0,0.0,1.0,0.3212251159867655,0.5
0.9999999999999999,0.0,1.0,0.0,1.0,1.0,0.0,1.0,0.7482449492615664,1.0
0.6666666666666666,0.0,0.0,0.0,0.0,1.0,1.0,0.0,0.22014750189460452,1.0
0.4999999999999999,0.0,0.0,0.0,0.0,1.0,1.0,0.0,0.14217482116781577,0.5
0.6666666666666666,0.0,1.0,0.0,1.0,1.0,0.0,0.0,0.43831722149313324,0.5
0.4999999999999999,0.0,0.0,0.0,1.0,1.0,0.0,0.0,0.23712685532614924,1.0
0.4999999999999999,1.0,1.0,1.0,0.0,1.0,0.0,0.0,0.5793127668619804,0.5
0.8333333333333334,1.0,1.0,0.0,0.0,0.0,0.0,1.0,0.5421563372211234,1.0
0.6666666666666666,1.0,0.0,1.0,0.0,1.0,0.0,0.0,0.42096449233840405,1.0
0.9999999999999999,1.0,0.0,0.0,0.0,0.0,0.0,1.0,0.2348718138296889,0.5
0.8333333333333334,1.0,0.0,0.0,0.0,1.0,0.0,0.0,0.21231400528640876,0.0
0.33333333333333337,0.0,0.0,0.0,1.0,1.0,0.0,1.0,0.2254154267019094,1.0
0.0,0.0,0.0,0.0,1.0,1.0,0.0,0.0,0.08704460176336852,0.5
0.9999999999999999,0.0,0.0,0.0,0.0,0.0,1.0,0.0,0.1703813238202621,1.0
0.33333333333333337,0.0,0.0,0.0,0.0,0.0,1.0,0.0,0.04801389992791262,0.5
0.9999999999999999,0.0,0.0,0.0,0.0,1.0,1.0,0.0,0.1541598122031016,0.0
0.4999999999999999,1.0,1.0,0.0,0.0,0.0,0.0,1.0,0.42564832443023237,1.0
0.6666666666666666,0.0,1.0,1.0,1.0,1.0,0.0,0.0,0.41370030128833113,0.0
0.8333333333333334,1.0,1.0,1.0,0.0,1.0,0.0,1.0,1.0000000000000002,1.0
0.4999999999999999,0.0,0.0,0.0,1.0,0.0,0.0,0.0,0.04917469178018892,0.0
0.4999999999999999,1.0,0.0,0.0,0.0,1.0,0.0,0.0,0.2974288830151014,1.0
0.0,1.0,0.0,1.0,0.0,1.0,0.0,1.0,0.2505905620968189,1.0
0.4999999999999999,0.0,0.0,1.0,1.0,1.0,0.0,0.0,0.3056246649784662,1.0
0.4999999999999999,1.0,1.0,0.0,0.0,1.0,0.0,0.0,0.5831426406166245,1.0
0.6666666666666666,1.0,0.0,0.0,0.0,1.0,0.0,0.0,0.183822849854901,0.0
0.16666666666666663,0.0,0.0,0.0,1.0,1.0,0.0,0.0,0.11680375593796789,0.5
0.9999999999999999,1.0,1.0,0.0,0.0,0.0,0.0,1.0,0.36100996284726716,0.0
0.8333333333333334,1.0,0.0,0.0,0.0,1.0,0.0,0.0,0.3741261714201216,1.0
0.6666666666666666,0.0,0.0,0.0,0.0,0.0,1.0,0.0,0.12354300290197963,1.0
0.9999999999999999,0.0,0.0,0.0,1.0,0.0,0.0,0.0,0.21487957708729966,1.0
0.9999999999999999,0.0,0.0,0.0,1.0,0.0,0.0,0.0,0.21253581264671634,1.0
0.33333333333333337,0.0,0.0,0.0,1.0,1.0,0.0,0.0,0.20024029130699988,1.0
0.6666666666666666,1.0,1.0,1.0,0.0,1.0,0.0,1.0,0.9110071902552633,1.0
0.4999999999999999,0.0,0.0,1.0,1.0,1.0,0.0,0.0,0.31030849707029445,1.0
0.8333333333333334,0.0,1.0,1.0,0.0,1.0,1.0,0.0,0.6498844753331732,1.0
0.6666666666666666,0.0,1.0,0.0,1.0,0.0,0.0,0.0,0.357734607493392,1.0
0.4999999999999999,0.0,1.0,1.0,0.0,1.0,1.0,1.0,0.4656364947043493,0.5
0.8333333333333334,0.0,0.0,0.0,1.0,0.0,0.0,1.0,0.21663555202306795,1.0
0.4999999999999999,0.0,0.0,0.0,0.0,0.0,1.0,1.0,0.12354300290197963,1.0
0.8333333333333334,0.0,1.0,0.0,1.0,1.0,0.0,0.0,0.37037762703092364,0.0
0.6666666666666666,0.0,0.0,0.0,0.0,1.0,1.0,0.0,0.11006081218461768,0.0
0.16666666666666663,1.0,0.0,1.0,0.0,1.0,0.0,1.0,0.170163213249293,0.0
0.33333333333333337,0.0,1.0,1.0,1.0,1.0,0.0,0.0,0.5339605552577587,1.0
0.6666666666666666,1.0,0.0,1.0,0.0,1.0,0.0,0.0,0.4320881314578289,1.0
0.9999999999999999,0.0,0.0,1.0,1.0,1.0,0.0,0.0,0.3441563002532301,0.5
0.0,1.0,0.0,0.0,0.0,1.0,0.0,1.0,0.19555645921517162,1.0
0.8333333333333334,0.0,0.0,1.0,1.0,1.0,0.0,0.0,0.38817766769560635,1.0
0.4999999999999999,0.0,1.0,1.0,0.0,1.0,1.0,0.0,0.5187371767619823,1.0
0.33333333333333337,1.0,1.0,0.0,0.0,0.0,0.0,0.0,0.3296316149424225,1.0
0.4999999999999999,0.0,0.0,0.0,1.0,1.0,0.0,0.0,0.177789689654535,0.5
0.4999999999999999,0.0,0.0,1.0,1.0,1.0,0.0,0.0,0.23633204561838045,0.5
0.8333333333333334,1.0,1.0,0.0,0.0,1.0,0.0,1.0,0.6500545276427423,0.5
0.4999999999999999,0.0,0.0,0.0,1.0,1.0,0.0,0.0,0.23829873754644093,1.0
0.16666666666666663,0.0,1.0,0.0,0.0,1.0,1.0,0.0,0.22950407571024567,0.5
0.6666666666666666,0.0,0.0,1.0,1.0,1.0,0.0,0.0,0.26853477754570154,0.5
0.33333333333333337,1.0,0.0,0.0,0.0,1.0,0.0,0.0,0.2535184192528789,1.0
0.0,1.0,0.0,0.0,0.0,1.0,0.0,0.0,0.0690782055784551,0.0
0.4999999999999999,1.0,0.0,0.0,0.0,1.0,0.0,1.0,0.3337276575294357,1.0
0.6666666666666666,1.0,0.0,0.0,0.0,1.0,0.0,0.0,0.18850668194672926,0.0
0.8333333333333334,0.0,0.0,0.0,0.0,0.0,1.0,1.0,0.1785771057836269,1.0
0.6666666666666666,1.0,0.0,0.0,0.0,1.0,0.0,1.0,0.38642169275983806,1.0
0.4999999999999999,0.0,0.0,1.0,1.0,1.0,0.0,0.0,0.16508752148758804,0.0
0.4999999999999999,0.0,0.0,1.0,0.0,1.0,1.0,0.0,0.1870575405260531,0.5
0.4999999999999999,1.0,0.0,0.0,0.0,1.0,0.0,0.0,0.2986007652353931,1.0
0.33333333333333337,0.0,1.0,0.0,1.0,0.0,0.0,1.0,0.3056246649784662,1.0
0.9999999999999999,1.0,0.0,0.0,0.0,1.0,0.0,0.0,0.4233082567789874,1.0
0.9999999999999999,1.0,0.0,0.0,0.0,1.0,0.0,1.0,0.47307073806399147,1.0
0.33333333333333337,1.0,1.0,0.0,0.0,0.0,0.0,1.0,0.21504593260753035,0.0
0.4999999999999999,1.0,0.0,0.0,0.0,1.0,0.0,0.0,0.2915768654923199,1.0
0.6666666666666666,1.0,1.0,0.0,0.0,1.0,0.0,0.0,0.6463725254616366,1.0
0.0,0.0,1.0,1.0,1.0,1.0,0.0,1.0,0.3290290382802536,0.5
0.33333333333333337,0.0,0.0,0.0,0.0,0.0,1.0,0.0,0.016783423596606353,0.0
0.6666666666666666,1.0,0.0,1.0,0.0,0.0,0.0,0.0,0.2051089628657511,0.5
0.8333333333333334,0.0,1.0,0.0,0.0,1.0,1.0,1.0,0.586066800983346,1.0
0.16666666666666663,0.0,0.0,0.0,1.0,1.0,0.0,0.0,0.16042956692112897,1.0
0.4999999999999999,1.0,0.0,0.0,0.0,1.0,0.0,0.0,0.2939169331435648,1.0
0.0,0.0,0.0,1.0,0.0,1.0,1.0,0.0,0.13466664202140438,1.0
0.8333333333333334,0.0,1.0,1.0,1.0,1.0,0.0,0.0,0.7593685883809911,1.0
0.33333333333333337,1.0,0.0,1.0,0.0,1.0,0.0,0.0,0.3302157076578991,1.0
0.6666666666666666,1.0,1.0,0.0,0.0,1.0,0.0,0.0,0.531010517365668,0.5
0.33333333333333337,0.0,0.0,0.0,1.0,1.0,0.0,0.0,0.14266279736049242,0.5
0.4999999999999999,1.0,0.0,1.0,0.0,0.0,0.0,1.0,0.13894013049666365,0.0
0.4999999999999999,0.0,0.0,0.0,0.0,1.0,1.0,0.0,0.13875898781907914,0.5
0.6666666666666666,0.0,0.0,0.0,0.0,1.0,1.0,0.0,0.2213193841148962,1.0
0.4999999999999999,1.0,1.0,0.0,0.0,1.0,0.0,0.0,0.5755309513687362,1.0
0.16666666666666663,1.0,0.0,1.0,0.0,1.0,0.0,0.0,0.27166965490471523,1.0
0.6666666666666666,1.0,0.0,0.0,0.0,0.0,0.0,0.0,0.20843607327036467,1.0
0.8333333333333334,1.0,0.0,0.0,0.0,1.0,0.0,0.0,0.38349383560377814,1.0
0.4999999999999999,0.0,0.0,0.0,1.0,1.0,0.0,0.0,0.23946692297739414,1.0
0.8333333333333334,0.0,1.0,0.0,0.0,0.0,1.0,0.0,0.183822849854901,0.0
0.6666666666666666,0.0,0.0,0.0,1.0,1.0,0.0,0.0,0.2704977726844236,1.0
0.9999999999999999,0.0,1.0,0.0,1.0,1.0,0.0,0.0,0.664523761113473,1.0
0.8333333333333334,1.0,0.0,1.0,0.0,1.0,0.0,0.0,0.2798321657640339,0.0
0.6666666666666666,0.0,0.0,0.0,0.0,1.0,1.0,0.0,0.10927709284486424,0.0
0.4999999999999999,0.0,1.0,0.0,1.0,1.0,0.0,0.0,0.2833441156355705,0.0
0.16666666666666663,0.0,0.0,0.0,0.0,0.0,1.0,0.0,0.0011718822202916868,0.0
0.0,0.0,1.0,1.0,1.0,1.0,0.0,0.0,0.29536607456424097,0.5
0.16666666666666663,1.0,0.0,0.0,0.0,1.0,0.0,0.0,0.15778636254413042,0.5
0.16666666666666663,0.0,0.0,1.0,0.0,0.0,1.0,1.0,0.11359124600284655,1.0
0.0,1.0,1.0,0.0,0.0,1.0,0.0,0.0,0.36183065008040516,1.0
0.4999999999999999,0.0,0.0,0.0,0.0,1.0,1.0,0.0,0.13875898781907914,0.5
0.4999999999999999,1.0,1.0,0.0,0.0,1.0,0.0,0.0,0.5714312119923847,1.0
0.4999999999999999,0.0,0.0,0.0,0.0,0.0,1.0,0.0,0.06801722703831724,0.5
0.8333333333333334,0.0,1.0,0.0,1.0,1.0,0.0,1.0,0.6703757786362544,1.0
0.33333333333333337,0.0,0.0,0.0,1.0,0.0,0.0,0.0,0.10890741391101828,1.0
0.0,0.0,0.0,1.0,1.0,1.0,0.0,0.0,0.16686937394872553,1.0
0.6666666666666666,0.0,0.0,0.0,0.0,0.0,1.0,0.0,0.04566274190865234,0.0
0.4999999999999999,1.0,0.0,0.0,0.0,1.0,0.0,0.0,0.2285281233248923,0.5
0.0,1.0,0.0,1.0,0.0,0.0,0.0,1.0,0.10314411933235985,0.5
0.8333333333333334,1.0,0.0,1.0,0.0,1.0,0.0,1.0,0.32159479492061144,0.0
0.9999999999999999,1.0,1.0,0.0,0.0,0.0,0.0,1.0,0.36530563205855715,0.0
0.4999999999999999,0.0,0.0,1.0,0.0,1.0,1.0,0.0,0.13074434853329886,0.0
0.8333333333333334,0.0,1.0,0.0,1.0,1.0,0.0,1.0,0.41682039148999095,0.0
0.6666666666666666,1.0,0.0,0.0,0.0,0.0,0.0,0.0,0.15583445777342375,0.5
0.8333333333333334,0.0,0.0,0.0,1.0,0.0,0.0,0.0,0.18443282009574685,1.0
0.16666666666666663,0.0,0.0,0.0,0.0,1.0,1.0,0.0,0.12939871721409957,1.0
0.6666666666666666,1.0,0.0,0.0,0.0,1.0,0.0,1.0,0.38642169275983806,1.0
0.6666666666666666,1.0,1.0,0.0,0.0,1.0,0.0,0.0,0.6446165505258683,1.0
0.4999999999999999,1.0,1.0,0.0,0.0,1.0,0.0,0.0,0.5872386832036377,1.0
0.4999999999999999,1.0,0.0,0.0,0.0,1.0,0.0,0.0,0.1572835991940999,0.0
0.6666666666666666,0.0,0.0,0.0,1.0,1.0,0.0,0.0,0.2734256298404835,1.0
0.4999999999999999,1.0,0.0,0.0,0.0,1.0,0.0,0.0,0.29274505092327313,1.0
0.9999999999999999,0.0,1.0,1.0,0.0,1.0,1.0,0.0,0.7142862423984769,1.0
0.8333333333333334,1.0,0.0,0.0,0.0,1.0,0.0,0.0,0.38349383560377814,1.0
0.0,0.0,0.0,0.0,1.0,0.0,0.0,0.0,0.0544574037448476,1.0
0.4999999999999999,1.0,1.0,0.0,0.0,1.0,0.0,0.0,0.5790429012402728,1.0
0.0,1.0,0.0,0.0,0.0,1.0,0.0,1.0,0.09093732093676642,0.0
0.8333333333333334,0.0,0.0,0.0,1.0,1.0,0.0,0.0,0.2348718138296889,0.5
0.4999999999999999,0.0,0.0,0.0,0.0,1.0,1.0,0.0,0.08625348884493818,0.0
0.6666666666666666,0.0,0.0,1.0,1.0,1.0,0.0,0.0,0.3489510360252121,1.0
0.9999999999999999,1.0,0.0,0.0,0.0,0.0,0.0,1.0,0.30914031163934125,1.0
0.16666666666666663,1.0,1.0,1.0,0.0,1.0,0.0,0.0,0.43294948337369,0.5
0.8333333333333334,1.0,0.0,0.0,0.0,1.0,0.0,1.0,0.4262324171457089,1.0
0.6666666666666666,0.0,0.0,0.0,0.0,1.0,1.0,0.0,0.21956340917912792,1.0
0.8333333333333334,1.0,0.0,0.0,0.0,1.0,0.0,0.0,0.3741261714201216,1.0
0.6666666666666666,1.0,0.0,0.0,0.0,1.0,0.0,0.0,0.26267906323358164,0.5
0.4999999999999999,1.0,1.0,0.0,0.0,1.0,0.0,0.0,0.5813829688915177,1.0
0.6666666666666666,0.0,0.0,1.0,0.0,0.0,1.0,0.0,0.17506515591209032,1.0
0.0,1.0,1.0,0.0,0.0,1.0,0.0,0.0,0.2807304855732796,0.5
0.4999999999999999,1.0,0.0,1.0,0.0,1.0,0.0,0.0,0.37061422154858503,1.0
0.0,1.0,1.0,0.0,0.0,1.0,0.0,0.0,0.3676863643925251,1.0
0.33333333333333337,0.0,0.0,0.0,1.0,1.0,0.0,0.0,0.19380048427940333,1.0
0.4999999999999999,0.0,0.0,1.0,1.0,1.0,0.0,1.0,0.34426720393338384,1.0
0.4999999999999999,0.0,1.0,1.0,1.0,1.0,0.0,1.0,0.661595903957413,1.0
0.8333333333333334,0.0,0.0,0.0,0.0,0.0,1.0,0.0,0.06166244616550527,0.0
0.16666666666666663,1.0,1.0,1.0,0.0,1.0,0.0,0.0,0.5380602946341103,1.0
0.0,1.0,0.0,0.0,0.0,1.0,0.0,0.0,0.07454206022069833,0.0
0.8333333333333334,1.0,0.0,0.0,0.0,1.0,0.0,0.0,0.3752980536404133,1.0
0.0,1.0,0.0,0.0,0.0,0.0,0.0,0.0,0.04801389992791262,0.5
0.4999999999999999,0.0,0.0,0.0,1.0,1.0,0.0,0.0,0.1182565941479825,0.0
0.8333333333333334,1.0,0.0,1.0,0.0,1.0,0.0,0.0,0.47365852756880644,1.0
0.4999999999999999,1.0,1.0,0.0,0.0,1.0,0.0,0.0,0.5848986155523928,1.0
0.6666666666666666,1.0,0.0,0.0,0.0,1.0,0.0,0.0,0.33724330419031073,1.0
0.33333333333333337,0.0,0.0,0.0,1.0,1.0,0.0,0.0,0.20024029130699988,1.0
0.16666666666666663,0.0,1.0,0.0,1.0,1.0,0.0,1.0,0.3957893569434946,1.0
0.9999999999999999,0.0,0.0,1.0,1.0,0.0,0.0,1.0,0.24853145043529695,0.5
0.9999999999999999,1.0,1.0,1.0,0.0,1.0,0.0,0.0,0.9724811001645072,1.0
0.0,1.0,0.0,0.0,0.0,1.0,0.0,0.0,0.16628528123324893,1.0
0.0,0.0,0.0,0.0,1.0,1.0,0.0,0.0,0.12881462449862296,1.0
0.4999999999999999,0.0,0.0,0.0,0.0,0.0,1.0,0.0,0.0660653222676106,0.5
0.4999999999999999,0.0,0.0,0.0,1.0,1.0,0.0,0.0,0.11630468937727585,0.0
0.6666666666666666,0.0,0.0,0.0,0.0,0.0,1.0,0.0,0.12705864956285468,1.0
0.9999999999999999,1.0,1.0,0.0,0.0,1.0,0.0,0.0,0.5003419530138075,0.0
0.0,0.0,0.0,0.0,0.0,1.0,1.0,0.0,0.09134396776399699,1.0
0.4999999999999999,1.0,0.0,0.0,0.0,0.0,0.0,1.0,0.09678933845954789,0.0
0.6666666666666666,0.0,0.0,0.0,1.0,1.0,0.0,0.0,0.2722537476201919,1.0
0.33333333333333337,1.0,0.0,0.0,0.0,1.0,0.0,0.0,0.19388920722352637,0.5
0.8333333333333334,0.0,0.0,0.0,0.0,1.0,1.0,1.0,0.2939169331435648,1.0
0.9999999999999999,1.0,0.0,0.0,0.0,1.0,0.0,1.0,0.28256409308515557,0.0
0.33333333333333337,0.0,0.0,1.0,0.0,1.0,1.0,0.0,0.15583445777342375,0.5
0.6666666666666666,0.0,1.0,0.0,1.0,1.0,0.0,0.0,0.5427441267259385,1.0
0.4999999999999999,0.0,0.0,0.0,0.0,1.0,1.0,0.0,0.08898541616605977,0.0
0.16666666666666663,0.0,0.0,0.0,1.0,1.0,0.0,0.0,0.11143601781852462,0.5
0.16666666666666663,1.0,0.0,0.0,0.0,0.0,0.0,0.0,0.07826103029518865,0.5
0.4999999999999999,1.0,0.0,0.0,0.0,1.0,0.0,0.0,0.2950888153638565,1.0
0.4999999999999999,1.0,0.0,1.0,0.0,0.0,0.0,0.0,0.23244302323432098,1.0
0.6666666666666666,0.0,0.0,0.0,1.0,1.0,0.0,1.0,0.16821130847858634,0.0
0.8333333333333334,0.0,0.0,0.0,1.0,0.0,0.0,0.0,0.18970444169239015,1.0
0.8333333333333334,1.0,0.0,0.0,0.0,1.0,0.0,0.0,0.38349383560377814,1.0
0.9999999999999999,1.0,0.0,0.0,0.0,0.0,0.0,1.0,0.16703942625829465,0.0
0.33333333333333337,1.0,0.0,0.0,0.0,1.0,0.0,1.0,0.28162141180384836,1.0
0.4999999999999999,0.0,0.0,0.0,1.0,1.0,0.0,0.0,0.23712685532614924,1.0
0.4999999999999999,0.0,0.0,0.0,1.0,0.0,0.0,1.0,0.15867359198536068,1.0
0.4999999999999999,0.0,0.0,1.0,1.0,1.0,0.0,0.0,0.304456479547513,1.0
0.4999999999999999,0.0,0.0,1.0,0.0,1.0,1.0,1.0,0.29098907598750484,1.0
0.8333333333333334,1.0,0.0,0.0,0.0,1.0,0.0,0.0,0.376469935860705,1.0
0.4999999999999999,0.0,0.0,0.0,0.0,1.0,1.0,0.0,0.08937357904659803,0.0
0.33333333333333337,0.0,0.0,0.0,1.0,0.0,0.0,0.0,0.10597955675495833,1.0
0.8333333333333334,1.0,0.0,1.0,0.0,0.0,0.0,0.0,0.16547938115746474,0.0
0.16666666666666663,1.0,1.0,0.0,0.0,1.0,0.0,1.0,0.49005009149553613,1.0
0.33333333333333337,0.0,1.0,1.0,1.0,0.0,0.0,0.0,0.18577475462560766,0.0
0.6666666666666666,0.0,0.0,0.0,1.0,1.0,0.0,1.0,0.31323635422635443,1.0
0.6666666666666666,1.0,0.0,1.0,0.0,1.0,0.0,0.0,0.24822092013086633,0.0
0.4999999999999999,0.0,0.0,0.0,0.0,1.0,1.0,0.0,0.19146041662815844,1.0
0.9999999999999999,0.0,0.0,1.0,0.0,0.0,1.0,0.0,0.11396092493669248,0.0
0.4999999999999999,0.0,1.0,0.0,1.0,1.0,0.0,0.0,0.48185430953217134,1.0
0.6666666666666666,0.0,0.0,0.0,1.0,1.0,0.0,0.0,0.2722537476201919,1.0
0.4999999999999999,0.0,1.0,0.0,1.0,1.0,0.0,0.0,0.47482671299975976,1.0
0.6666666666666666,0.0,0.0,1.0,0.0,0.0,1.0,0.0,0.1738932736917987,1.0
0.4999999999999999,0.0,0.0,0.0,1.0,0.0,0.0,0.0,0.09533650024953329,0.5
0.8333333333333334,0.0,0.0,0.0,1.0,1.0,0.0,0.0,0.3050405722629896,1.0
0.6666666666666666,1.0,1.0,1.0,0.0,1.0,0.0,1.0,0.890515886952182,1.0
0.4999999999999999,0.0,0.0,0.0,1.0,0.0,0.0,0.0,0.09240864309347334,0.5
0.16666666666666663,1.0,0.0,0.0,0.0,1.0,0.0,0.0,0.10147317055137613,0.0
0.16666666666666663,1.0,0.0,1.0,0.0,1.0,0.0,0.0,0.2740097225559601,1.0
0.4999999999999999,1.0,1.0,0.0,0.0,1.0,0.0,0.0,0.34227833126929263,0.0
0.6666666666666666,0.0,0.0,0.0,1.0,1.0,0.0,0.0,0.2710818653999002,1.0
0.16666666666666663,1.0,0.0,1.0,0.0,1.0,0.0,0.0,0.2675699155283636,1.0
0.4999999999999999,0.0,1.0,0.0,0.0,1.0,1.0,0.0,0.40808487828321105,1.0
0.8333333333333334,1.0,0.0,0.0,0.0,1.0,0.0,0.0,0.29536607456424097,0.5
0.6666666666666666,1.0,0.0,0.0,0.0,1.0,0.0,1.0,0.3846657178240698,1.0
0.8333333333333334,1.0,1.0,0.0,0.0,0.0,0.0,0.0,0.4894659987800595,1.0
0.8333333333333334,0.0,0.0,0.0,1.0,1.0,0.0,0.0,0.30914031163934125,1.0
0.6666666666666666,1.0,1.0,0.0,0.0,1.0,0.0,0.0,0.6522282397737565,1.0
0.9999999999999999,0.0,0.0,0.0,1.0,1.0,0.0,0.0,0.3448549934381989,1.0
0.6666666666666666,0.0,0.0,0.0,1.0,1.0,0.0,0.0,0.20364503428772113,0.5
0.4999999999999999,0.0,0.0,1.0,1.0,1.0,0.0,0.0,0.3067965471987579,1.0
0.8333333333333334,0.0,0.0,1.0,0.0,1.0,1.0,0.0,0.259263229884845,0.5
0.6666666666666666,0.0,1.0,1.0,0.0,1.0,1.0,1.0,0.6370048612779801,1.0
0.6666666666666666,1.0,0.0,0.0,0.0,1.0,0.0,1.0,0.38232195338348646,1.0
0.9999999999999999,0.0,0.0,1.0,1.0,1.0,0.0,1.0,0.38708711484076075,0.5
0.16666666666666663,0.0,0.0,1.0,1.0,1.0,0.0,0.0,0.22190347683037281,1.0
0.33333333333333337,1.0,0.0,0.0,0.0,1.0,0.0,1.0,0.28279329402414005,1.0
0.9999999999999999,0.0,0.0,0.0,1.0,1.0,0.0,1.0,0.22519361934160181,0.0
0.4999999999999999,1.0,0.0,0.0,0.0,1.0,0.0,0.0,0.2950888153638565,1.0
0.8333333333333334,1.0,0.0,0.0,0.0,0.0,0.0,0.0,0.23771094804162585,1.0
0.6666666666666666,1.0,1.0,0.0,0.0,0.0,0.0,1.0,0.4906378810003512,1.0
0.8333333333333334,1.0,0.0,0.0,0.0,0.0,0.0,1.0,0.2710818653999002,1.0
0.6666666666666666,1.0,0.0,0.0,0.0,0.0,0.0,0.0,0.20843607327036467,1.0
0.9999999999999999,1.0,1.0,0.0,0.0,1.0,0.0,0.0,0.4886342211789061,0.0
0.4999999999999999,0.0,0.0,0.0,1.0,1.0,0.0,0.0,0.23829873754644093,1.0
0.4999999999999999,1.0,0.0,0.0,0.0,1.0,0.0,0.0,0.22364836139812572,0.5
0.8333333333333334,1.0,0.0,0.0,0.0,1.0,0.0,1.0,0.34318034786787677,0.5
0.4999999999999999,0.0,0.0,0.0,1.0,0.0,0.0,1.0,0.15691761704959245,1.0
0.4999999999999999,0.0,1.0,0.0,1.0,1.0,0.0,0.0,0.2813922108648639,0.0
0.16666666666666663,0.0,0.0,0.0,1.0,0.0,0.0,0.0,0.014051496275484757,0.0
0.9999999999999999,1.0,1.0,1.0,0.0,0.0,0.0,1.0,0.6071200162658731,0.5
0.0,0.0,1.0,0.0,0.0,1.0,1.0,0.0,0.23653906582133416,1.0
0.6666666666666666,1.0,0.0,0.0,0.0,1.0,0.0,0.0,0.25975120607752167,0.5
0.33333333333333337,1.0,0.0,0.0,0.0,1.0,0.0,0.0,0.1899853976821131,0.5
0.4999999999999999,0.0,1.0,0.0,1.0,1.0,0.0,1.0,0.32081107558085803,0.0
0.8333333333333334,1.0,0.0,0.0,0.0,1.0,0.0,0.0,0.3788100035119499,1.0
0.8333333333333334,0.0,1.0,0.0,1.0,1.0,0.0,0.0,0.6100737509473023,1.0
0.6666666666666666,1.0,1.0,0.0,0.0,0.0,0.0,0.0,0.43267592096264396,1.0
0.6666666666666666,0.0,1.0,1.0,1.0,1.0,0.0,1.0,0.7576126134452228,1.0
0.8333333333333334,0.0,0.0,0.0,1.0,0.0,0.0,0.0,0.18970444169239015,1.0
0.9999999999999999,0.0,1.0,0.0,1.0,1.0,0.0,0.0,0.40316075488438297,0.0
0.4999999999999999,1.0,0.0,0.0,0.0,1.0,0.0,0.0,0.154943531542855,0.0
0.4999999999999999,1.0,0.0,1.0,0.0,0.0,0.0,1.0,0.2740097225559601,1.0
0.16666666666666663,1.0,0.0,0.0,0.0,0.0,0.0,1.0,0.13876638139775604,1.0
0.4999999999999999,1.0,0.0,0.0,0.0,0.0,0.0,0.0,0.07649396499140497,0.0
0.33333333333333337,1.0,0.0,1.0,0.0,1.0,0.0,1.0,0.36066246464945195,1.0
0.6666666666666666,0.0,0.0,0.0,0.0,0.0,1.0,0.0,0.12471488512227132,1.0
0.33333333333333337,1.0,0.0,1.0,0.0,0.0,0.0,1.0,0.23419899817008927,1.0
0.0,0.0,1.0,1.0,1.0,1.0,0.0,0.0,0.38115376795253325,1.0
0.6666666666666666,0.0,0.0,0.0,1.0,1.0,0.0,1.0,0.31206816879540117,1.0
0.9999999999999999,1.0,1.0,0.0,0.0,1.0,0.0,0.0,0.49370621615127264,0.0
0.4999999999999999,1.0,0.0,0.0,0.0,1.0,0.0,0.0,0.15337978965268662,0.0
0.9999999999999999,1.0,0.0,0.0,0.0,1.0,0.0,0.0,0.4174525424668676,1.0
0.6666666666666666,0.0,0.0,0.0,1.0,1.0,0.0,1.0,0.31089628657510954,1.0
0.8333333333333334,1.0,1.0,0.0,0.0,0.0,0.0,0.0,0.47951054509158797,1.0
0.8333333333333334,1.0,0.0,0.0,0.0,0.0,0.0,0.0,0.23478309088556587,1.0
0.6666666666666666,0.0,1.0,0.0,0.0,1.0,1.0,0.0,0.4660468383209183,1.0
0.8333333333333334,0.0,1.0,0.0,1.0,1.0,0.0,0.0,0.6100737509473023,1.0
0.0,1.0,0.0,0.0,0.0,0.0,0.0,0.0,0.08724422838764533,1.0
0.0,0.0,1.0,1.0,0.0,1.0,1.0,0.0,0.31382414373116946,1.0
0.0,1.0,1.0,0.0,0.0,1.0,0.0,0.0,0.27585072364651303,0.5
0.6666666666666666,0.0,0.0,0.0,1.0,0.0,0.0,0.0,0.16042956692112897,1.0
0.4999999999999999,0.0,0.0,0.0,1.0,1.0,0.0,0.0,0.23244302323432098,1.0
0.6666666666666666,0.0,0.0,0.0,1.0,1.0,0.0,0.0,0.14401582225836862,0.0
0.33333333333333337,0.0,1.0,0.0,0.0,0.0,1.0,0.0,0.21429178758248463,1.0
0.8333333333333334,1.0,0.0,0.0,0.0,1.0,0.0,0.0,0.3788100035119499,1.0
0.8333333333333334,1.0,0.0,0.0,0.0,1.0,0.0,1.0,0.42974806380658404,1.0
0.6666666666666666,1.0,0.0,0.0,0.0,1.0,0.0,0.0,0.33841148962126394,1.0
0.6666666666666666,1.0,1.0,0.0,0.0,0.0,0.0,0.0,0.4367719635496571,1.0
0.8333333333333334,0.0,0.0,0.0,1.0,1.0,0.0,0.0,0.23438383763701226,0.5
0.6666666666666666,0.0,0.0,0.0,1.0,1.0,0.0,0.0,0.2681577050331787,1.0
0.33333333333333337,0.0,0.0,1.0,1.0,0.0,0.0,0.0,0.1510619027374725,1.0
0.8333333333333334,0.0,0.0,0.0,0.0,1.0,1.0,1.0,0.2968447902996248,1.0
0.9999999999999999,0.0,1.0,1.0,1.0,1.0,0.0,0.0,0.8290382802535997,1.0
0.6666666666666666,1.0,0.0,0.0,0.0,1.0,0.0,0.0,0.26267906323358164,0.5
0.0,1.0,0.0,0.0,0.0,1.0,0.0,0.0,0.0706419474686235,0.0
0.6666666666666666,0.0,0.0,1.0,0.0,1.0,1.0,0.0,0.28981719376721315,1.0
0.4999999999999999,1.0,0.0,0.0,0.0,1.0,0.0,0.0,0.29040498327202824,1.0
0.33333333333333337,1.0,0.0,0.0,0.0,0.0,0.0,0.0,0.14637807064564423,1.0
0.33333333333333337,0.0,0.0,0.0,1.0,1.0,0.0,0.0,0.1943882737842184,1.0
0.4999999999999999,0.0,0.0,0.0,1.0,1.0,0.0,0.0,0.23419899817008927,1.0
0.33333333333333337,1.0,0.0,0.0,0.0,1.0,0.0,0.0,0.25586218369346225,1.0
0.4999999999999999,0.0,0.0,0.0,1.0,1.0,0.0,0.0,0.12020849891868914,0.0
0.4999999999999999,0.0,0.0,0.0,1.0,1.0,0.0,0.0,0.2306870482985527,1.0
0.4999999999999999,1.0,0.0,0.0,0.0,1.0,0.0,0.0,0.29274505092327313,1.0
0.6666666666666666,0.0,0.0,0.0,0.0,1.0,1.0,0.0,0.10888892996432599,0.0
0.6666666666666666,1.0,1.0,0.0,0.0,1.0,0.0,1.0,0.7230698138666568,1.0
0.0,1.0,0.0,0.0,0.0,1.0,0.0,0.0,0.06829818302804015,0.0
0.4999999999999999,1.0,0.0,0.0,0.0,1.0,0.0,0.0,0.2962606975841482,1.0
0.9999999999999999,0.0,0.0,1.0,0.0,1.0,1.0,1.0,0.3251289255281788,0.5
0.8333333333333334,0.0,1.0,0.0,1.0,1.0,0.0,0.0,0.48368791704404723,0.5
0.33333333333333337,0.0,1.0,0.0,1.0,0.0,0.0,0.0,0.13854827082678695,0.0
0.6666666666666666,0.0,0.0,0.0,1.0,1.0,0.0,0.0,0.2751816047762518,1.0
0.0,1.0,0.0,1.0,0.0,1.0,0.0,1.0,0.24707861222528232,1.0
0.6666666666666666,0.0,0.0,1.0,1.0,1.0,0.0,0.0,0.19162677214838914,0.0
0.16666666666666663,0.0,1.0,0.0,1.0,1.0,0.0,1.0,0.39813312138407797,1.0
0.33333333333333337,0.0,0.0,0.0,0.0,1.0,1.0,0.0,0.15515794532448568,1.0
0.6666666666666666,0.0,1.0,0.0,1.0,1.0,0.0,1.0,0.6159294652594222,1.0
0.8333333333333334,0.0,0.0,0.0,1.0,1.0,0.0,1.0,0.1943623962588492,0.0
0.6666666666666666,1.0,0.0,0.0,0.0,1.0,0.0,0.0,0.18772665939631428,0.0
0.8333333333333334,0.0,0.0,0.0,1.0,0.0,0.0,1.0,0.10810890741391103,0.0
0.4999999999999999,1.0,0.0,1.0,0.0,1.0,0.0,1.0,0.3314689192436369,0.5
0.4999999999999999,1.0,0.0,0.0,0.0,1.0,0.0,1.0,0.18226280475407108,0.0
0.6666666666666666,0.0,0.0,0.0,0.0,1.0,1.0,0.0,0.2213193841148962,1.0
0.16666666666666663,0.0,0.0,0.0,1.0,1.0,0.0,0.0,0.07181013289957673,0.0
0.8333333333333334,0.0,0.0,0.0,1.0,0.0,0.0,1.0,0.10654516552374264,0.0
0.6666666666666666,0.0,0.0,0.0,0.0,1.0,1.0,0.0,0.22717140163767768,1.0
0.4999999999999999,0.0,0.0,0.0,1.0,0.0,0.0,1.0,0.06556625570691856,0.0
0.4999999999999999,0.0,0.0,1.0,1.0,1.0,0.0,0.0,0.30914031163934125,1.0
0.16666666666666663,0.0,0.0,1.0,1.0,1.0,0.0,0.0,0.21487957708729966,1.0
0.6666666666666666,0.0,0.0,0.0,1.0,0.0,0.0,1.0,0.1402229163971091,0.5
0.8333333333333334,0.0,1.0,0.0,0.0,1.0,1.0,1.0,0.34266649414983086,0.0
0.4999999999999999,1.0,0.0,0.0,0.0,0.0,0.0,0.0,0.13095136873625257,0.5
0.33333333333333337,0.0,1.0,0.0,1.0,1.0,0.0,0.0,0.24392525091957634,0.0
0.6666666666666666,1.0,0.0,1.0,0.0,1.0,0.0,1.0,0.2837359753054472,0.0
0.4999999999999999,0.0,0.0,0.0,0.0,1.0,1.0,0.0,0.19146041662815844,1.0
0.8333333333333334,0.0,1.0,0.0,1.0,1.0,0.0,1.0,0.6809153250402026,1.0
0.4999999999999999,0.0,1.0,0.0,1.0,1.0,0.0,0.0,0.48009833459640305,1.0
0.4999999999999999,0.0,0.0,0.0,0.0,1.0,1.0,0.0,0.08664165172547643,0.0
0.6666666666666666,1.0,0.0,0.0,0.0,0.0,0.0,0.0,0.20375224117853646,1.0
0.4999999999999999,0.0,0.0,1.0,1.0,1.0,0.0,1.0,0.3495388255300272,1.0
0.8333333333333334,0.0,0.0,1.0,1.0,1.0,0.0,1.0,0.44906748488937354,1.0
0.6666666666666666,0.0,0.0,1.0,0.0,1.0,1.0,1.0,0.3337276575294357,1.0
0.9999999999999999,1.0,1.0,0.0,0.0,1.0,0.0,0.0,0.8044509343635053,1.0
0.8333333333333334,1.0,0.0,1.0,0.0,0.0,0.0,0.0,0.304456479547513,1.0
0.6666666666666666,1.0,0.0,0.0,0.0,1.0,0.0,0.0,0.3337276575294357,1.0
0.6666666666666666,1.0,1.0,1.0,0.0,1.0,0.0,1.0,0.9033955010073752,1.0
0.8333333333333334,1.0,0.0,0.0,0.0,1.0,0.0,1.0,0.34171641928984675,0.5
0.33333333333333337,0.0,0.0,0.0,1.0,1.0,0.0,0.0,0.1984843163712316,1.0
0.6666666666666666,0.0,0.0,0.0,0.0,1.0,1.0,0.0,0.2213193841148962,1.0
0.4999999999999999,1.0,0.0,0.0,0.0,1.0,0.0,0.0,0.2950888153638565,1.0
0.4999999999999999,1.0,0.0,0.0,0.0,1.0,0.0,1.0,0.3284597327221308,1.0
0.9999999999999999,0.0,1.0,0.0,0.0,1.0,1.0,0.0,0.5644073122493115,1.0
0.4999999999999999,1.0,0.0,0.0,0.0,1.0,0.0,0.0,0.2950888153638565,1.0
0.16666666666666663,1.0,0.0,0.0,0.0,1.0,0.0,0.0,0.10069314800096117,0.0
0.4999999999999999,1.0,1.0,0.0,0.0,1.0,0.0,0.0,0.3473503262416591,0.0
0.4999999999999999,1.0,1.0,0.0,0.0,0.0,0.0,1.0,0.42740429936600066,1.0
0.6666666666666666,1.0,1.0,0.0,0.0,1.0,0.0,0.0,0.6604240217371213,1.0
0.8333333333333334,0.0,1.0,0.0,0.0,1.0,1.0,1.0,0.573187186928153,1.0
0.8333333333333334,1.0,0.0,1.0,0.0,1.0,0.0,0.0,0.4765863847248665,1.0
0.8333333333333334,1.0,0.0,1.0,0.0,1.0,0.0,1.0,0.5386443873495869,1.0
0.8333333333333334,1.0,0.0,0.0,0.0,0.0,0.0,0.0,0.12176854401951905,0.0
0.6666666666666666,0.0,0.0,0.0,1.0,1.0,0.0,0.0,0.14089203526737026,0.0
0.4999999999999999,0.0,0.0,1.0,1.0,1.0,0.0,1.0,0.2695107299310549,0.5
0.8333333333333334,0.0,0.0,1.0,1.0,1.0,0.0,0.0,0.3975453318792629,1.0
0.4999999999999999,1.0,1.0,1.0,0.0,1.0,0.0,0.0,0.7137021496830003,1.0
0.6666666666666666,1.0,1.0,1.0,0.0,1.0,0.0,0.0,0.81557457348293,1.0
0.4999999999999999,1.0,0.0,0.0,0.0,1.0,0.0,1.0,0.33782739690578734,1.0
0.8333333333333334,1.0,1.0,1.0,0.0,1.0,0.0,1.0,0.6264024694552781,0.0
0.6666666666666666,1.0,0.0,0.0,0.0,1.0,0.0,0.0,0.33489953974972736,1.0
0.4999999999999999,1.0,0.0,1.0,0.0,0.0,0.0,1.0,0.26522984787711873,1.0
0.6666666666666666,1.0,0.0,1.0,0.0,0.0,0.0,0.0,0.14401582225836862,0.0
0.4999999999999999,0.0,0.0,1.0,1.0,1.0,0.0,0.0,0.3009445296759764,1.0
0.16666666666666663,0.0,0.0,1.0,0.0,1.0,1.0,0.0,0.17330918097632209,1.0
0.6666666666666666,1.0,1.0,0.0,0.0,1.0,0.0,0.0,0.658080257296538,1.0
0.4999999999999999,0.0,0.0,0.0,1.0,1.0,0.0,0.0,0.23946692297739414,1.0
0.6666666666666666,1.0,0.0,1.0,0.0,1.0,0.0,0.0,0.24938910556181954,0.0
0.4999999999999999,0.0,0.0,1.0,1.0,1.0,0.0,0.0,0.3021127151069296,1.0
0.33333333333333337,1.0,0.0,0.0,0.0,1.0,0.0,1.0,0.29040498327202824,1.0
0.33333333333333337,1.0,0.0,0.0,0.0,1.0,0.0,0.0,0.24532263728951403,1.0
0.6666666666666666,0.0,0.0,0.0,1.0,1.0,0.0,0.0,0.14284394003807693,0.0
0.6666666666666666,1.0,1.0,1.0,0.0,1.0,0.0,0.0,0.81557457348293,1.0
0.6666666666666666,0.0,0.0,0.0,1.0,0.0,0.0,0.0,0.16394151679266555,1.0
0.4999999999999999,0.0,0.0,0.0,1.0,1.0,0.0,0.0,0.2306870482985527,1.0
0.4999999999999999,1.0,0.0,0.0,0.0,1.0,0.0,1.0,0.18655477717602265,0.0
0.4999999999999999,0.0,0.0,0.0,0.0,1.0,1.0,0.0,0.18970444169239015,1.0
0.4999999999999999,1.0,0.0,0.0,0.0,1.0,0.0,1.0,0.18655477717602265,0.0
0.4999999999999999,1.0,0.0,0.0,0.0,1.0,0.0,0.0,0.22462431378347902,0.5
0.16666666666666663,0.0,1.0,1.0,1.0,0.0,0.0,0.0,0.1529916267721484,0.0
0.16666666666666663,1.0,0.0,0.0,0.0,1.0,0.0,0.0,0.20668009833459638,1.0
0.6666666666666666,1.0,0.0,0.0,0.0,1.0,0.0,1.0,0.3036616698397442,0.5
0.9999999999999999,0.0,0.0,0.0,0.0,1.0,1.0,0.0,0.28981719376721315,1.0
0.4999999999999999,1.0,0.0,0.0,0.0,1.0,0.0,0.0,0.2950888153638565,1.0
0.4999999999999999,0.0,1.0,0.0,0.0,1.0,1.0,0.0,0.40105728175079947,1.0
0.16666666666666663,0.0,0.0,0.0,0.0,1.0,1.0,0.0,0.08655662557069187,0.5
0.33333333333333337,1.0,0.0,1.0,0.0,1.0,0.0,0.0,0.3243599933457792,1.0
0.6666666666666666,0.0,0.0,1.0,1.0,1.0,0.0,0.0,0.19475055913938744,0.0
0.4999999999999999,0.0,0.0,0.0,0.0,1.0,1.0,0.0,0.1431470767638306,0.5
0.6666666666666666,1.0,0.0,0.0,0.0,1.0,0.0,1.0,0.3758821463558899,1.0
0.8333333333333334,1.0,0.0,0.0,0.0,1.0,0.0,0.0,0.38232195338348646,1.0
0.8333333333333334,1.0,0.0,1.0,0.0,1.0,0.0,0.0,0.4765863847248665,1.0
0.6666666666666666,0.0,0.0,0.0,1.0,1.0,0.0,1.0,0.31206816879540117,1.0
0.9999999999999999,0.0,1.0,0.0,0.0,1.0,1.0,0.0,0.45344078667677123,0.5
0.9999999999999999,1.0,1.0,0.0,0.0,1.0,0.0,0.0,0.6495665514500656,0.5
0.0,0.0,0.0,0.0,0.0,1.0,1.0,0.0,0.06264948891887397,0.5
0.8333333333333334,0.0,0.0,1.0,1.0,1.0,0.0,0.0,0.30902940795918743,0.5
0.6666666666666666,0.0,1.0,0.0,1.0,1.0,0.0,1.0,0.6124138185985472,1.0
0.4999999999999999,0.0,1.0,0.0,0.0,0.0,1.0,1.0,0.2980166725199164,1.0
0.8333333333333334,1.0,0.0,0.0,0.0,1.0,0.0,1.0,0.34318034786787677,0.5
0.8333333333333334,0.0,1.0,0.0,0.0,0.0,1.0,0.0,0.18187094508419438,0.0
0.6666666666666666,1.0,1.0,1.0,0.0,0.0,0.0,0.0,0.3274468124433929,0.0
0.6666666666666666,0.0,0.0,0.0,0.0,1.0,1.0,0.0,0.11122899761557088,0.0
0.4999999999999999,1.0,0.0,0.0,0.0,0.0,0.0,1.0,0.2031681484630598,1.0
0.6666666666666666,1.0,0.0,0.0,0.0,1.0,0.0,0.0,0.33489953974972736,1.0
0.8333333333333334,1.0,0.0,1.0,0.0,1.0,0.0,0.0,0.2798321657640339,0.0
0.8333333333333334,1.0,1.0,0.0,0.0,0.0,0.0,0.0,0.4906378810003512,1.0
0.4999999999999999,0.0,0.0,0.0,1.0,0.0,0.0,0.0,0.13174248165468294,1.0
0.4999999999999999,1.0,0.0,0.0,0.0,0.0,0.0,0.0,0.17506515591209032,1.0
0.0,0.0,0.0,1.0,1.0,1.0,0.0,1.0,0.20551191290364318,1.0
0.0,0.0,1.0,0.0,0.0,1.0,1.0,0.0,0.23478309088556587,1.0
0.4999999999999999,0.0,1.0,0.0,1.0,1.0,0.0,0.0,0.48829411655976784,1.0
0.4999999999999999,0.0,0.0,0.0,1.0,1.0,0.0,1.0,0.27166965490471523,1.0
0.9999999999999999,1.0,0.0,0.0,0.0,1.0,0.0,0.0,0.4186244246871592,1.0
0.16666666666666663,1.0,1.0,1.0,0.0,1.0,0.0,0.0,0.4251418642908634,0.5
0.16666666666666663,0.0,0.0,0.0,1.0,1.0,0.0,0.0,0.11289994639655461,0.5
0.0,0.0,1.0,1.0,1.0,1.0,0.0,1.0,0.41803663518234413,1.0
0.16666666666666663,1.0,0.0,0.0,0.0,1.0,0.0,0.0,0.20551191290364318,1.0
0.6666666666666666,0.0,0.0,0.0,0.0,1.0,1.0,0.0,0.1694940943790318,0.5
0.33333333333333337,1.0,1.0,0.0,0.0,1.0,0.0,0.0,0.5023456128352526,1.0
0.8333333333333334,1.0,0.0,0.0,0.0,1.0,0.0,1.0,0.42974806380658404,1.0
0.9999999999999999,0.0,0.0,1.0,0.0,1.0,1.0,1.0,0.4186244246871592,1.0
0.16666666666666663,1.0,1.0,0.0,0.0,1.0,0.0,0.0,0.43267592096264396,1.0
0.8333333333333334,1.0,0.0,0.0,0.0,0.0,0.0,0.0,0.23771094804162585,1.0
0.16666666666666663,1.0,0.0,0.0,0.0,0.0,0.0,0.0,0.11769098537919818,1.0
0.6666666666666666,1.0,1.0,0.0,0.0,1.0,0.0,1.0,0.7248257888024251,1.0
0.9999999999999999,1.0,1.0,0.0,0.0,1.0,0.0,0.0,0.6398107243858708,0.5
0.33333333333333337,0.0,0.0,0.0,0.0,1.0,1.0,0.0,0.11631577974529121,0.5
0.4999999999999999,0.0,0.0,0.0,1.0,1.0,0.0,0.0,0.23946692297739414,1.0
0.16666666666666663,0.0,0.0,0.0,1.0,1.0,0.0,0.0,0.16042956692112897,1.0
0.33333333333333337,0.0,1.0,0.0,1.0,0.0,0.0,1.0,0.3027005046117447,1.0
0.6666666666666666,1.0,1.0,0.0,0.0,0.0,0.0,1.0,0.29153989759893534,0.0
0.16666666666666663,0.0,1.0,0.0,1.0,1.0,0.0,0.0,0.1967024639100941,0.0
0.6666666666666666,0.0,1.0,0.0,1.0,0.0,0.0,0.0,0.27975453318792626,0.5
0.0,0.0,0.0,0.0,0.0,1.0,1.0,1.0,0.11476312822313821,1.0
0.33333333333333337,1.0,0.0,0.0,0.0,1.0,0.0,0.0,0.1319162307535905,0.0
0.6666666666666666,0.0,0.0,0.0,1.0,0.0,0.0,0.0,0.16335742407718895,1.0
0.0,0.0,0.0,0.0,0.0,1.0,1.0,0.0,0.09368403541524188,1.0
0.4999999999999999,1.0,0.0,1.0,0.0,0.0,0.0,0.0,0.23829873754644093,1.0
0.9999999999999999,1.0,1.0,0.0,0.0,1.0,0.0,0.0,0.8085469769505185,1.0
0.4999999999999999,1.0,0.0,0.0,0.0,1.0,0.0,0.0,0.2986007652353931,1.0
0.8333333333333334,1.0,0.0,0.0,0.0,0.0,0.0,1.0,0.2763534869965435,1.0
0.8333333333333334,1.0,0.0,0.0,0.0,1.0,0.0,1.0,0.33781260974843347,0.5
0.4999999999999999,1.0,0.0,0.0,0.0,1.0,0.0,0.0,0.2974288830151014,1.0
0.4999999999999999,0.0,1.0,1.0,1.0,1.0,0.0,0.0,0.3606217999667289,0.0
0.9999999999999999,0.0,0.0,0.0,1.0,1.0,0.0,0.0,0.3448549934381989,1.0
0.9999999999999999,0.0,0.0,0.0,1.0,0.0,0.0,1.0,0.2488345871610506,1.0
0.4999999999999999,0.0,0.0,0.0,1.0,1.0,0.0,0.0,0.11708471192769081,0.0
0.9999999999999999,0.0,0.0,1.0,1.0,1.0,0.0,1.0,0.4976617807434244,1.0
0.33333333333333337,1.0,0.0,1.0,0.0,1.0,0.0,0.0,0.31733609360270604,1.0
0.4999999999999999,1.0,1.0,0.0,0.0,1.0,0.0,0.0,0.463196613740966,0.5
0.6666666666666666,1.0,0.0,0.0,0.0,0.0,0.0,0.0,0.1543705291953938,0.5
0.16666666666666663,1.0,0.0,0.0,0.0,1.0,0.0,1.0,0.23537088039038095,1.0
0.6666666666666666,1.0,1.0,1.0,0.0,1.0,0.0,0.0,0.8062069092992736,1.0
0.6666666666666666,0.0,0.0,0.0,1.0,1.0,0.0,0.0,0.20364503428772113,0.5
0.16666666666666663,0.0,1.0,0.0,0.0,1.0,1.0,0.0,0.28981719376721315,1.0
0.4999999999999999,0.0,0.0,0.0,1.0,1.0,0.0,0.0,0.23946692297739414,1.0
0.4999999999999999,0.0,0.0,1.0,1.0,1.0,0.0,0.0,0.3056246649784662,1.0
0.8333333333333334,1.0,0.0,0.0,0.0,1.0,0.0,0.0,0.38115376795253325,1.0
0.16666666666666663,0.0,0.0,0.0,0.0,0.0,1.0,1.0,0.040206280845086054,0.5
0.8333333333333334,1.0,0.0,0.0,0.0,0.0,0.0,0.0,0.24005471248220922,1.0
0.8333333333333334,1.0,0.0,1.0,0.0,0.0,0.0,0.0,0.30738433670357296,1.0
0.6666666666666666,0.0,0.0,1.0,0.0,1.0,1.0,0.0,0.15533169442339329,0.0
0.33333333333333337,1.0,0.0,1.0,0.0,1.0,0.0,0.0,0.323191807914826,1.0
0.6666666666666666,0.0,0.0,0.0,1.0,1.0,0.0,0.0,0.2704977726844236,1.0
0.9999999999999999,1.0,0.0,0.0,0.0,0.0,0.0,0.0,0.13894013049666365,0.0
0.9999999999999999,1.0,1.0,0.0,0.0,0.0,0.0,1.0,0.4827119646586939,0.5
0.4999999999999999,1.0,0.0,0.0,0.0,0.0,0.0,1.0,0.10069314800096117,0.0
0.9999999999999999,1.0,0.0,0.0,0.0,0.0,0.0,0.0,0.2693258904641319,1.0
0.9999999999999999,0.0,0.0,0.0,1.0,1.0,0.0,0.0,0.3477791538049204,1.0
0.9999999999999999,0.0,1.0,1.0,1.0,0.0,0.0,1.0,0.382085358865825,0.0
0.6666666666666666,1.0,1.0,1.0,0.0,0.0,0.0,0.0,0.5409881517901702,1.0
0.8333333333333334,1.0,0.0,1.0,0.0,1.0,0.0,0.0,0.4777545701558197,1.0
0.4999999999999999,0.0,0.0,0.0,1.0,0.0,0.0,0.0,0.13174248165468294,1.0
0.4999999999999999,1.0,0.0,0.0,0.0,0.0,0.0,0.0,0.17916489528844198,1.0
0.8333333333333334,0.0,1.0,0.0,1.0,1.0,0.0,0.0,0.48807970277813717,0.5
0.8333333333333334,1.0,0.0,0.0,0.0,1.0,0.0,1.0,0.33878856213378683,0.5
0.6666666666666666,0.0,0.0,0.0,1.0,1.0,0.0,1.0,0.31323635422635443,1.0
0.6666666666666666,1.0,0.0,0.0,0.0,0.0,0.0,0.0,0.20668009833459638,1.0
0.33333333333333337,0.0,0.0,0.0,0.0,1.0,1.0,0.0,0.15925768470083734,1.0
0.4999999999999999,0.0,1.0,1.0,1.0,1.0,0.0,0.0,0.605389918855474,1.0
0.33333333333333337,1.0,0.0,0.0,0.0,1.0,0.0,0.0,0.1860815881406998,0.5
0.6666666666666666,0.0,0.0,0.0,1.0,1.0,0.0,0.0,0.2693258904641319,1.0
0.4999999999999999,0.0,1.0,0.0,1.0,0.0,0.0,1.0,0.27195061089443817,0.5
0.4999999999999999,0.0,0.0,0.0,1.0,1.0,0.0,0.0,0.23653906582133416,1.0
0.0,0.0,1.0,0.0,1.0,1.0,0.0,0.0,0.154943531542855,0.0
0.33333333333333337,0.0,0.0,0.0,1.0,0.0,0.0,0.0,0.10773553169072662,1.0
0.16666666666666663,0.0,1.0,0.0,1.0,1.0,0.0,0.0,0.3512948004657955,1.0
0.9999999999999999,0.0,0.0,1.0,1.0,0.0,0.0,0.0,0.2798654368680801,1.0
0.9999999999999999,0.0,0.0,1.0,0.0,1.0,1.0,0.0,0.28902608084878284,0.5
0.6666666666666666,0.0,0.0,0.0,1.0,1.0,0.0,0.0,0.2704977726844236,1.0
0.6666666666666666,1.0,0.0,0.0,0.0,1.0,0.0,0.0,0.25779930130681505,0.5
0.8333333333333334,0.0,0.0,0.0,1.0,1.0,0.0,0.0,0.30738433670357296,1.0
0.6666666666666666,1.0,0.0,0.0,0.0,1.0,0.0,0.0,0.3313875898781908,1.0
0.8333333333333334,1.0,1.0,0.0,0.0,1.0,0.0,0.0,0.5822406240180403,0.5
0.33333333333333337,1.0,0.0,0.0,0.0,0.0,0.0,0.0,0.14754995286593592,1.0
0.4999999999999999,1.0,1.0,0.0,0.0,1.0,0.0,0.0,0.353986063104194,0.0
0.0,1.0,0.0,0.0,0.0,1.0,0.0,1.0,0.1943882737842184,1.0
0.16666666666666663,0.0,0.0,0.0,1.0,1.0,0.0,0.0,0.16569749172843384,1.0
0.6666666666666666,1.0,0.0,1.0,0.0,1.0,0.0,0.0,0.4303321565220606,1.0
0.6666666666666666,1.0,1.0,0.0,0.0,1.0,0.0,0.0,0.39379678749006486,0.0
0.4999999999999999,1.0,0.0,0.0,0.0,0.0,0.0,1.0,0.2043400306833515,1.0
0.0,0.0,1.0,1.0,1.0,1.0,0.0,0.0,0.38115376795253325,1.0
0.6666666666666666,1.0,0.0,0.0,0.0,1.0,0.0,0.0,0.3313875898781908,1.0
0.4999999999999999,1.0,0.0,0.0,0.0,0.0,0.0,0.0,0.18033677750873367,1.0
0.8333333333333334,0.0,0.0,1.0,1.0,1.0,0.0,0.0,0.3940333820077263,1.0
0.0,0.0,0.0,0.0,1.0,1.0,0.0,1.0,0.14462209570987594,1.0
0.8333333333333334,1.0,0.0,0.0,0.0,1.0,0.0,0.0,0.376469935860705,1.0
0.33333333333333337,0.0,0.0,1.0,1.0,0.0,0.0,0.0,0.15515794532448568,1.0
0.9999999999999999,1.0,0.0,0.0,0.0,0.0,0.0,1.0,0.31030849707029445,1.0
0.6666666666666666,0.0,0.0,1.0,0.0,0.0,1.0,0.0,0.1779930130681503,1.0
0.0,0.0,0.0,0.0,0.0,0.0,1.0,0.0,0.03630986488234968,1.0
0.4999999999999999,1.0,0.0,0.0,0.0,0.0,0.0,1.0,0.2043400306833515,1.0
0.0,1.0,1.0,0.0,0.0,0.0,0.0,0.0,0.2254154267019094,1.0
0.4999999999999999,0.0,0.0,0.0,1.0,1.0,0.0,1.0,0.2704977726844236,1.0
0.33333333333333337,0.0,0.0,0.0,1.0,1.0,0.0,0.0,0.2025840557475832,1.0
0.0,1.0,1.0,0.0,0.0,0.0,0.0,0.0,0.1077170477440343,0.0
0.8333333333333334,0.0,0.0,0.0,1.0,0.0,0.0,0.0,0.18677658453633017,1.0
0.4999999999999999,1.0,0.0,0.0,0.0,1.0,0.0,0.0,0.29274505092327313,1.0
0.8333333333333334,0.0,1.0,0.0,1.0,1.0,0.0,0.0,0.48515184562207725,0.5
0.6666666666666666,0.0,0.0,1.0,1.0,1.0,0.0,0.0,0.3501229182455038,1.0
0.4999999999999999,0.0,1.0,0.0,1.0,0.0,0.0,0.0,0.16625940370787973,0.0
0.4999999999999999,1.0,0.0,0.0,0.0,1.0,0.0,1.0,0.183822849854901,0.0
0.6666666666666666,0.0,0.0,0.0,0.0,1.0,1.0,0.0,0.2254154267019094,1.0
0.9999999999999999,1.0,0.0,1.0,0.0,1.0,0.0,1.0,0.3594499177464372,0.0
0.6666666666666666,1.0,0.0,0.0,0.0,1.0,0.0,0.0,0.3313875898781908,1.0
0.8333333333333334,1.0,0.0,1.0,0.0,1.0,0.0,0.0,0.4724866453485148,1.0
0.4999999999999999,1.0,0.0,0.0,0.0,1.0,0.0,0.0,0.2986007652353931,1.0
0.0,1.0,0.0,0.0,0.0,1.0,0.0,1.0,0.1943882737842184,1.0
0.4999999999999999,0.0,1.0,0.0,1.0,1.0,0.0,0.0,0.47482671299975976,1.0
0.8333333333333334,1.0,0.0,0.0,0.0,1.0,0.0,0.0,0.2963420269495943,0.5
0.9999999999999999,0.0,0.0,0.0,1.0,1.0,0.0,1.0,0.3870057854753147,1.0
0.16666666666666663,1.0,0.0,1.0,0.0,1.0,0.0,0.0,0.2781094619323118,1.0
0.4999999999999999,1.0,1.0,0.0,0.0,1.0,0.0,0.0,0.5714312119923847,1.0
0.9999999999999999,1.0,0.0,0.0,0.0,1.0,0.0,0.0,0.42096449233840405,1.0
0.6666666666666666,0.0,0.0,1.0,1.0,0.0,0.0,0.0,0.21429178758248463,1.0
0.9999999999999999,0.0,1.0,0.0,1.0,1.0,0.0,0.0,0.6627640893883662,1.0
0.4999999999999999,1.0,0.0,0.0,0.0,0.0,0.0,0.0,0.18033677750873367,1.0
0.16666666666666663,1.0,1.0,1.0,0.0,1.0,0.0,1.0,0.48563982181475385,0.5
0.0,0.0,0.0,0.0,1.0,1.0,0.0,0.0,0.1264708600580396,1.0
0.6666666666666666,1.0,0.0,0.0,0.0,0.0,0.0,0.0,0.2049241233988281,1.0
0.6666666666666666,0.0,0.0,0.0,1.0,1.0,0.0,0.0,0.2734256298404835,1.0
0.6666666666666666,1.0,0.0,0.0,0.0,1.0,0.0,0.0,0.33255947209848247,1.0
0.6666666666666666,0.0,1.0,1.0,0.0,1.0,1.0,0.0,0.5685033548363246,1.0
0.8333333333333334,0.0,0.0,0.0,1.0,0.0,0.0,1.0,0.22014750189460452,1.0
0.16666666666666663,1.0,0.0,1.0,0.0,1.0,0.0,1.0,0.31323635422635443,1.0
0.6666666666666666,0.0,1.0,0.0,0.0,1.0,1.0,0.0,0.3704996210790928,0.5
0.8333333333333334,0.0,1.0,1.0,1.0,1.0,0.0,0.0,0.7576126134452228,1.0
0.16666666666666663,0.0,1.0,0.0,1.0,1.0,0.0,1.0,0.40164507125561455,1.0
0.0,1.0,1.0,0.0,0.0,1.0,0.0,1.0,0.3148814254819689,0.5
0.8333333333333334,1.0,0.0,0.0,0.0,0.0,0.0,0.0,0.2418106874179775,1.0
0.8333333333333334,1.0,0.0,0.0,0.0,1.0,0.0,1.0,0.4262324171457089,1.0
0.33333333333333337,0.0,0.0,0.0,0.0,1.0,1.0,1.0,0.18794476996728343,1.0
0.6666666666666666,1.0,1.0,0.0,0.0,1.0,0.0,0.0,0.39106486016894326,0.0
0.6666666666666666,0.0,0.0,0.0,1.0,1.0,0.0,0.0,0.14206391748766195,0.0
0.6666666666666666,0.0,1.0,0.0,0.0,1.0,1.0,0.0,0.2700763386998392,0.0
0.6666666666666666,0.0,0.0,0.0,1.0,0.0,0.0,0.0,0.06986192491820854,0.0
0.8333333333333334,1.0,0.0,0.0,0.0,1.0,0.0,1.0,0.43091624923753724,1.0
0.8333333333333334,0.0,0.0,0.0,1.0,1.0,0.0,0.0,0.30914031163934125,1.0
0.8333333333333334,0.0,0.0,1.0,1.0,1.0,0.0,0.0,0.39052143213618973,1.0
0.8333333333333334,0.0,0.0,0.0,0.0,0.0,1.0,0.0,0.1504741132326574,1.0
0.4999999999999999,1.0,0.0,0.0,0.0,1.0,0.0,0.0,0.227552170939539,0.5
0.6666666666666666,0.0,0.0,1.0,1.0,1.0,0.0,0.0,0.2704866823164082,0.5
0.4999999999999999,1.0,0.0,0.0,0.0,1.0,0.0,0.0,0.28923310105173655,1.0
0.16666666666666663,0.0,0.0,0.0,0.0,1.0,1.0,1.0,0.106556255891758,0.5
0.33333333333333337,1.0,1.0,0.0,0.0,0.0,0.0,0.0,0.3296316149424225,1.0
0.6666666666666666,1.0,0.0,0.0,0.0,1.0,0.0,0.0,0.18850668194672926,0.0
0.4999999999999999,1.0,0.0,0.0,0.0,1.0,0.0,0.0,0.15884364429492986,0.0
0.8333333333333334,1.0,0.0,0.0,0.0,1.0,0.0,0.0,0.3776381212916582,1.0
0.33333333333333337,0.0,1.0,1.0,1.0,1.0,0.0,0.0,0.5281048409456387,1.0
0.0,0.0,1.0,1.0,1.0,0.0,0.0,0.0,0.17290992772776842,0.5
0.4999999999999999,1.0,0.0,0.0,0.0,0.0,0.0,0.0,0.13095136873625257,0.5
0.4999999999999999,1.0,0.0,1.0,0.0,0.0,0.0,0.0,0.23829873754644093,1.0
0.4999999999999999,0.0,0.0,0.0,1.0,0.0,0.0,0.0,0.05229847877118722,0.0
0.33333333333333337,0.0,1.0,1.0,0.0,0.0,1.0,0.0,0.2839651762444317,1.0
0.6666666666666666,1.0,0.0,0.0,0.0,1.0,0.0,0.0,0.26463096800428826,0.5
0.6666666666666666,0.0,0.0,0.0,1.0,1.0,0.0,1.0,0.16743128592817136,0.0
0.4999999999999999,0.0,0.0,0.0,1.0,1.0,0.0,0.0,0.177789689654535,0.5
0.16666666666666663,0.0,1.0,1.0,1.0,1.0,0.0,1.0,0.2966155893606403,0.0
0.8333333333333334,0.0,0.0,0.0,1.0,1.0,0.0,0.0,0.31323635422635443,1.0
0.6666666666666666,0.0,0.0,0.0,0.0,1.0,1.0,1.0,0.19876527236095448,0.5
0.16666666666666663,0.0,0.0,0.0,1.0,0.0,0.0,0.0,0.08256039629581709,1.0
0.6666666666666666,1.0,0.0,0.0,0.0,1.0,0.0,0.0,0.33607142197001905,1.0
0.9999999999999999,1.0,0.0,1.0,0.0,1.0,0.0,0.0,0.3126152936174932,0.0
0.8333333333333334,1.0,1.0,1.0,0.0,1.0,0.0,0.0,0.887000240291307,1.0
0.4999999999999999,0.0,1.0,0.0,1.0,0.0,0.0,0.0,0.31323635422635443,1.0
0.4999999999999999,0.0,0.0,1.0,1.0,1.0,0.0,1.0,0.3518788931812721,1.0
0.6666666666666666,1.0,0.0,0.0,0.0,0.0,0.0,0.0,0.15485850538807044,0.5
0.9999999999999999,1.0,1.0,0.0,0.0,0.0,0.0,0.0,0.3196428901499048,0.0
0.0,0.0,1.0,0.0,1.0,1.0,0.0,1.0,0.34017116134637065,1.0
0.0,1.0,1.0,0.0,0.0,1.0,0.0,1.0,0.413940592595331,1.0
0.0,1.0,0.0,1.0,0.0,0.0,0.0,0.0,0.12178702796621137,1.0
0.16666666666666663,0.0,0.0,1.0,1.0,1.0,0.0,0.0,0.21604776251825292,1.0
0.6666666666666666,0.0,0.0,0.0,0.0,0.0,1.0,0.0,0.12764274227833128,1.0
0.0,1.0,0.0,0.0,0.0,0.0,0.0,0.0,0.05142603648731077,0.5
0.8333333333333334,0.0,0.0,0.0,0.0,1.0,1.0,0.0,0.19047337387478974,0.5
0.0,1.0,0.0,0.0,0.0,1.0,0.0,1.0,0.14071089258978575,0.5
0.9999999999999999,0.0,0.0,1.0,1.0,1.0,0.0,0.0,0.2529047522226946,0.0
0.4999999999999999,1.0,1.0,1.0,0.0,1.0,0.0,1.0,0.8044509343635053,1.0
0.9999999999999999,0.0,1.0,0.0,1.0,1.0,0.0,1.0,0.6056560876878431,0.5
0.8333333333333334,1.0,0.0,0.0,0.0,1.0,0.0,0.0,0.3776381212916582,1.0
0.8333333333333334,0.0,1.0,0.0,0.0,1.0,1.0,0.0,0.5134692519546774,1.0
0.0,0.0,0.0,0.0,1.0,1.0,0.0,1.0,0.06127428328496702,0.0
0.33333333333333337,1.0,0.0,0.0,0.0,1.0,0.0,1.0,0.28279329402414005,1.0
0.6666666666666666,0.0,1.0,0.0,1.0,1.0,0.0,0.0,0.32081107558085803,0.0
0.4999999999999999,0.0,0.0,0.0,1.0,1.0,0.0,0.0,0.23537088039038095,1.0
0.16666666666666663,0.0,0.0,0.0,1.0,1.0,0.0,0.0,0.07181013289957673,0.0
0.16666666666666663,0.0,1.0,1.0,0.0,0.0,1.0,0.0,0.11903661669839745,0.0
0.6666666666666666,0.0,0.0,0.0,1.0,1.0,0.0,0.0,0.2734256298404835,1.0
0.6666666666666666,0.0,1.0,0.0,1.0,1.0,0.0,0.0,0.3231548400214414,0.0
0.33333333333333337,0.0,1.0,0.0,1.0,1.0,0.0,0.0,0.23846139627733315,0.0
0.4999999999999999,0.0,1.0,0.0,1.0,1.0,0.0,1.0,0.42709376906157004,0.5
0.8333333333333334,0.0,0.0,1.0,0.0,1.0,1.0,0.0,0.1787508548825345,0.0
0.4999999999999999,0.0,0.0,0.0,1.0,1.0,0.0,0.0,0.2312711410140293,1.0
0.6666666666666666,1.0,0.0,0.0,0.0,1.0,0.0,0.0,0.25779930130681505,0.5
0.8333333333333334,0.0,0.0,0.0,0.0,1.0,1.0,0.0,0.1319162307535905,0.0
0.6666666666666666,1.0,0.0,1.0,0.0,0.0,0.0,0.0,0.20657289144378105,0.5
0.33333333333333337,1.0,0.0,0.0,0.0,1.0,0.0,0.0,0.2500064693813423,1.0
0.4999999999999999,0.0,0.0,0.0,0.0,1.0,1.0,0.0,0.08859355649618307,0.0
0.16666666666666663,1.0,0.0,0.0,0.0,1.0,0.0,0.0,0.2043400306833515,1.0
0.4999999999999999,0.0,1.0,0.0,1.0,0.0,0.0,0.0,0.31558011866693775,1.0
0.33333333333333337,1.0,0.0,0.0,0.0,1.0,0.0,0.0,0.25469030147317057,1.0
0.16666666666666663,0.0,0.0,0.0,0.0,0.0,1.0,0.0,0.05914123583667587,1.0
0.4999999999999999,0.0,1.0,0.0,0.0,0.0,1.0,0.0,0.2593741335649988,1.0
0.0,1.0,0.0,0.0,0.0,0.0,0.0,0.0,0.018731631577974542,0.0
0.4999999999999999,0.0,0.0,0.0,1.0,1.0,0.0,0.0,0.1182565941479825,0.0
0.6666666666666666,0.0,0.0,0.0,1.0,1.0,0.0,1.0,0.31558011866693775,1.0
0.6666666666666666,0.0,1.0,1.0,0.0,1.0,1.0,0.0,0.5737749764329679,1.0
0.6666666666666666,1.0,1.0,0.0,0.0,0.0,0.0,0.0,0.43443189589841225,1.0
0.0,0.0,0.0,1.0,1.0,1.0,0.0,0.0,0.16686937394872553,1.0
0.4999999999999999,1.0,0.0,0.0,0.0,1.0,0.0,1.0,0.2558473965361084,0.5
0.4999999999999999,0.0,0.0,0.0,1.0,0.0,0.0,1.0,0.11289994639655461,0.5
0.0,0.0,1.0,0.0,0.0,0.0,1.0,1.0,0.07181013289957673,0.0
0.8333333333333334,1.0,1.0,0.0,0.0,1.0,0.0,0.0,0.733609360270605,1.0
0.8333333333333334,0.0,0.0,0.0,0.0,1.0,1.0,0.0,0.2523465370325872,1.0
0.0,1.0,1.0,0.0,0.0,1.0,0.0,0.0,0.3559786325576237,1.0
0.16666666666666663,0.0,0.0,0.0,1.0,1.0,0.0,0.0,0.16452560950814216,1.0
0.8333333333333334,1.0,0.0,0.0,0.0,1.0,0.0,0.0,0.3752980536404133,1.0
0.8333333333333334,1.0,1.0,1.0,0.0,1.0,0.0,1.0,0.813981257278054,0.5
0.6666666666666666,0.0,0.0,0.0,0.0,1.0,1.0,1.0,0.19486515960887968,0.5
0.6666666666666666,0.0,1.0,0.0,0.0,1.0,1.0,1.0,0.5117132770189091,1.0
0.4999999999999999,0.0,0.0,0.0,1.0,1.0,0.0,0.0,0.12020849891868914,0.0
0.8333333333333334,1.0,0.0,0.0,0.0,1.0,0.0,1.0,0.42974806380658404,1.0
0.33333333333333337,0.0,0.0,0.0,1.0,1.0,0.0,0.0,0.0928855289181346,0.0
0.9999999999999999,0.0,0.0,0.0,0.0,1.0,1.0,0.0,0.1541598122031016,0.0
0.6666666666666666,0.0,0.0,0.0,0.0,1.0,1.0,1.0,0.19632908818690964,0.5
0.16666666666666663,0.0,0.0,0.0,1.0,1.0,0.0,0.0,0.06986192491820854,0.0
0.16666666666666663,0.0,0.0,0.0,0.0,1.0,1.0,0.0,0.12764274227833128,1.0
0.8333333333333334,1.0,0.0,0.0,0.0,1.0,0.0,0.0,0.21231400528640876,0.0
0.4999999999999999,0.0,0.0,0.0,0.0,1.0,1.0,0.0,0.1402229163971091,0.5
0.8333333333333334,0.0,0.0,0.0,0.0,1.0,1.0,0.0,0.1909613500674664,0.5
0.9999999999999999,0.0,0.0,0.0,0.0,1.0,1.0,0.0,0.28981719376721315,1.0
0.16666666666666663,0.0,1.0,0.0,1.0,1.0,0.0,0.0,0.27195061089443817,0.5
0.9999999999999999,1.0,0.0,0.0,0.0,0.0,0.0,0.0,0.2681577050331787,1.0
0.4999999999999999,0.0,1.0,0.0,0.0,1.0,1.0,0.0,0.23650949150662648,0.0
0.6666666666666666,0.0,0.0,0.0,0.0,1.0,1.0,0.0,0.11162085728544759,0.0
0.4999999999999999,1.0,0.0,0.0,0.0,1.0,0.0,0.0,0.154943531542855,0.0
0.8333333333333334,1.0,1.0,0.0,0.0,0.0,0.0,0.0,0.38123509731797933,0.5
0.8333333333333334,1.0,0.0,0.0,0.0,1.0,0.0,0.0,0.376469935860705,1.0
0.6666666666666666,1.0,0.0,0.0,0.0,1.0,0.0,1.0,0.30024583649100756,0.5
0.6666666666666666,1.0,0.0,0.0,0.0,1.0,0.0,0.0,0.33724330419031073,1.0
0.9999999999999999,1.0,0.0,0.0,0.0,1.0,0.0,0.0,0.42096449233840405,1.0
0.4999999999999999,0.0,1.0,0.0,1.0,1.0,0.0,0.0,0.483026191752463,1.0
0.4999999999999999,1.0,0.0,0.0,0.0,0.0,0.0,0.0,0.07766584721169666,0.0
0.6666666666666666,1.0,0.0,0.0,0.0,1.0,0.0,1.0,0.38349383560377814,1.0
0.33333333333333337,0.0,0.0,0.0,1.0,1.0,0.0,1.0,0.23244302323432098,1.0
0.33333333333333337,0.0,1.0,0.0,1.0,1.0,0.0,1.0,0.4777545701558197,1.0
0.4999999999999999,0.0,1.0,0.0,0.0,1.0,1.0,0.0,0.4039851389068594,1.0
0.6666666666666666,0.0,0.0,1.0,0.0,1.0,1.0,0.0,0.2939169331435648,1.0
0.6666666666666666,0.0,1.0,0.0,1.0,0.0,0.0,1.0,0.3987172140995545,1.0
0.8333333333333334,1.0,0.0,0.0,0.0,1.0,0.0,0.0,0.3846657178240698,1.0
0.6666666666666666,0.0,0.0,0.0,0.0,1.0,1.0,0.0,0.16851814199367848,0.5
0.9999999999999999,0.0,0.0,0.0,1.0,1.0,0.0,0.0,0.34192713628213894,1.0
0.4999999999999999,1.0,0.0,0.0,0.0,1.0,0.0,0.0,0.15337978965268662,0.0
0.33333333333333337,0.0,1.0,1.0,1.0,1.0,0.0,0.0,0.410506275299902,0.5
0.33333333333333337,0.0,0.0,0.0,0.0,1.0,1.0,0.0,0.16276963457237387,1.0
0.6666666666666666,1.0,0.0,1.0,0.0,1.0,0.0,0.0,0.4221363745586958,1.0
0.6666666666666666,1.0,0.0,1.0,0.0,1.0,0.0,0.0,0.24275706548862314,0.0
0.6666666666666666,0.0,0.0,0.0,1.0,1.0,0.0,0.0,0.2710818653999002,1.0
0.8333333333333334,1.0,0.0,0.0,0.0,1.0,0.0,0.0,0.38349383560377814,1.0
0.16666666666666663,1.0,0.0,0.0,0.0,1.0,0.0,1.0,0.2441507550692224,1.0
0.0,0.0,0.0,0.0,1.0,0.0,0.0,0.0,0.02947450139553799,0.5
0.4999999999999999,0.0,0.0,1.0,0.0,0.0,1.0,1.0,0.17330918097632209,1.0
0.6666666666666666,1.0,0.0,0.0,0.0,1.0,0.0,0.0,0.33841148962126394,1.0
0.16666666666666663,0.0,0.0,0.0,1.0,1.0,0.0,1.0,0.18384872738027025,1.0
0.8333333333333334,1.0,1.0,0.0,0.0,1.0,0.0,0.0,0.4410195744995471,0.0
0.4999999999999999,1.0,0.0,1.0,0.0,0.0,0.0,1.0,0.2693258904641319,1.0
0.33333333333333337,0.0,0.0,0.0,1.0,1.0,0.0,0.0,0.1973124341509399,1.0
0.33333333333333337,1.0,1.0,0.0,0.0,1.0,0.0,1.0,0.5766991367996894,1.0
0.6666666666666666,0.0,1.0,0.0,1.0,1.0,0.0,0.0,0.5474279588177667,1.0
0.8333333333333334,1.0,0.0,0.0,0.0,1.0,0.0,0.0,0.38115376795253325,1.0
0.6666666666666666,0.0,0.0,1.0,1.0,1.0,0.0,0.0,0.34426720393338384,1.0
0.6666666666666666,0.0,0.0,0.0,1.0,1.0,0.0,1.0,0.31030849707029445,1.0
0.8333333333333334,0.0,0.0,1.0,1.0,1.0,0.0,0.0,0.22011792757989684,0.0
0.6666666666666666,0.0,0.0,1.0,1.0,1.0,0.0,0.0,0.2763386998391897,0.5
0.6666666666666666,1.0,0.0,0.0,0.0,1.0,0.0,0.0,0.34192713628213894,1.0
0.4999999999999999,0.0,0.0,0.0,1.0,1.0,0.0,0.0,0.23419899817008927,1.0
0.9999999999999999,0.0,0.0,0.0,0.0,0.0,1.0,0.0,0.1697972311047855,1.0
0.6666666666666666,0.0,0.0,0.0,1.0,1.0,0.0,0.0,0.2751816047762518,1.0
0.0,0.0,1.0,0.0,1.0,0.0,0.0,1.0,0.2031681484630598,1.0
0.8333333333333334,0.0,1.0,0.0,1.0,1.0,0.0,0.0,0.6100737509473023,1.0
0.4999999999999999,1.0,1.0,0.0,0.0,0.0,0.0,1.0,0.24626901536015972,0.0
0.33333333333333337,1.0,0.0,0.0,0.0,1.0,0.0,1.0,0.21633241529731428,0.5
