X1,X2
0.674362468658076,-0.4446251341407442
1.547129260808858,-0.239795894991695
1.6019296484128729,-0.23079209427001393
0.014562762156774739,0.44975249069909107
1.503475694822379,-0.3891641401073096
1.3551123871238588,-0.4973060837450355
0.776592681637822,-0.3968099793525277
0.7976122084222127,-0.46262281440938746
0.1059544279365098,-0.04674029238878777
0.5305797446919848,0.805820136629419
0.23261888503930342,-0.10636811014494744
-0.8228273485874475,0.7782258034164269
1.4982210744452331,-0.4273172582522076
0.9614849175849016,0.3078847837944246
0.9290855974072778,0.44647998125248956
0.5905139648711237,-0.41987921546660484
-0.9928069389695454,0.2887386570844399
-0.47784082233210257,0.8563158239366258
1.0190806846723748,-0.5053315145629175
0.25523879361758556,-0.19813616425762995
1.2922131719499592,-0.49906592371782815
1.7756339601755788,-0.08900096208721314
0.5396482945774246,-0.3750076983488444
0.72290707642569,0.6052325237002898
-0.8471870245471634,0.46346315548383243
-0.8536608494523534,0.4525797980201396
0.9889868735278934,0.06647896129802655
0.5616138269073406,-0.3785831451669869
-0.8883621714376553,0.3230104311890146
0.3218640558039484,0.9004947722762782
1.4609816049177469,-0.46716523064398496
-0.5923629473047005,0.8922439505340117
0.9205402157521316,-0.3560134280277654
0.2930045768350131,0.9586984151303923
0.3450419772686252,-0.19041059215274345
0.028349951666907777,0.26122979929786083
1.0088841929148538,0.10011015209200773
1.2299325487626713,-0.5150917677535854
1.8508828756390991,-0.030364001820811056
-0.21938843596995058,0.9888850649727386
0.716217277560592,0.7060527042417636
0.6555598914078481,-0.376162278744691
0.9199460553764417,0.4966222198095085
1.5926611877099224,-0.4273404616943398
-0.18244490881536266,0.9636855447572172
-0.9551528643417277,0.51620605449569
0.007547135976967421,0.3793119884237257
0.343030422204995,-0.2726912157230036
1.1932879855056557,-0.44465963591167024
0.8357820974134943,-0.5157301250871417
0.4681653199072598,0.9034531527735813
0.6424232363228126,0.7638239435412387
-1.0815745434346478,0.14436392706618614
0.4885744484807661,-0.32509671456662115
0.10403605238388688,0.9756221963611372
0.9263467073185303,0.2181051899912578
0.22384082357646873,-0.11137638807663423
1.8973982161008265,0.05818070847242386
-0.03218043487264836,1.0641707704403707
1.7419409600215923,-0.21532169844320964
0.6353889493329133,0.8920429044059176
0.26946496621467425,-0.2510077601408923
0.9833638197502629,-0.06801899583050801
1.488516416579608,-0.3638587623041519
0.8736873986658921,-0.5696897137268284
-0.8686623263473192,0.3278335525388876
0.9850767239150845,0.3079812478785356
0.06382363720003617,0.18229650998883185
0.4757969161095299,0.8927675409548014
0.002604409048950762,0.32241590122214986
1.8989879848970088,0.20129633871779395
0.5695620943464784,0.7658811990349192
0.5096983305172498,-0.3464015385907425
1.2660783486327418,-0.3988395030600464
0.6197389819398221,0.8203352540047297
0.8689821900892416,0.4403413358016676
1.3804126269182835,-0.3459859399274323
0.15089945246819497,0.9722053297678515
0.01567706112057668,0.19137446750408754
-0.36429943046676583,1.0019058357030148
0.19512649454913764,0.8966132230811719
0.09044092863346656,0.07527615995522537
0.12139484783321655,0.0761129319113759
-0.2198359333523669,0.9926382323360243
-0.252212484914363,1.0382741818453758
1.2910823135068932,-0.47801178695052293
0.3545283099519901,0.9480425810753165
1.7368729241462704,-0.18126654424019167
1.9726519172230528,0.2579195691294107
0.8792857205809054,0.3561232699554529
-0.7270490326234137,0.7164995760674963
0.5040617950699062,-0.38128350666977573
-0.945051685986428,0.29455906815259997
-0.6842823016027169,0.7203096223662737
-0.9797632672355979,0.05685567079514498
0.052902554457870184,0.20727255481414825
0.9492245922766533,0.4598668839226594
0.7542583890894934,0.6206631403077172
0.9016646121988389,-0.4568686942425711
0.5390725594355862,-0.4123441769863709
1.9553885120893701,0.2879550080354921
0.2596875323489058,0.9058344095381217
0.9999770052247763,-0.012027070484654345
0.8927515085207139,0.5324696883253938
1.5129860401032043,-0.3253836259773287
-0.9251440088928228,0.18308811556636917
1.8408761796745665,0.1027012590535005
0.7606959505274241,0.5889227452506748
1.7473205360896593,-0.13013612760911722
0.9523720715678071,0.3689060121762851
1.52498413748478,-0.36450151030671557
-0.04313570544894762,0.9328319099783045
1.3309714725448865,-0.4733466587061396
0.0818452199416438,1.004430390941227
1.0212885162613239,0.2365810337150243
-0.879235468209862,0.4859915196914657
0.9578433839612598,0.279505941747164
0.08115935500257862,0.00030386101270545723
0.6659178397640904,-0.49585421925922996
1.0165043236970428,0.0764110896401677
0.7892202224550496,0.6876087424587006
0.8201948457354358,0.646373402485229
0.9398047084434493,0.45393070069598757
0.7035744018016618,0.5775324560624818
0.9159154229037231,-0.5904727221804017
0.010133446689357492,0.9861254601399528
1.3176369681049984,-0.4378963525638218
0.041426793732086034,1.0240631195200056
0.18981276865313557,0.8792352678975147
1.9221202749777802,0.11099136750229589
0.5496507300548988,0.7950591709926842
1.7186331055924555,-0.18199744886599117
-0.7585969313965669,0.6034972121312938
-0.8723386189722098,0.46723999938905947
0.8548938551148958,0.5676378303336804
1.58484924376596,-0.36980465947990737
1.8875092503095112,0.04797181817729208
0.6628464273453868,-0.4358568861439303
1.2299984801329167,-0.49008645249663596
-0.6565467532415769,0.6653649748299899
0.23916160246251483,0.9977681348630167
0.5283089974547153,-0.37214659362171987
0.7994580177059529,0.5327729254869631
1.0262363850747345,0.1869573163700441
0.25026396875960066,-0.18208612067031382
-0.8499453948922562,0.5707263156973864
-0.9043684817580401,0.354575491590997
1.5854383428903682,-0.2917531700682376
0.8992310995055843,-0.5417392111400865
-0.40575210621559177,0.8209469245654261
0.04482035043475403,0.1601014943681062
-0.2640868921247879,0.9551860455567502
1.2235612319998823,-0.5272452045757539
0.17204449563900906,-0.07865924771669827
1.5705084729861252,-0.3953894995027233
-0.0653438695789351,0.36882579760396217
0.323685789358162,-0.29929877284755135
1.9092148216321443,-0.040440480888684426
0.8801563244639363,0.15795391195174255
0.9384310679442588,0.08953947477084444
-0.9579065775106659,0.5218687290231441
0.20200955246869662,-0.1451465430803264
0.7530909341515204,0.7233018802243795
-0.9034170690676746,0.05146176029508595
0.06700939504133419,0.04967202109976634
0.8387716713387927,-0.5285675651316845
1.9196150291181946,0.07092466309257321
-0.7842528671588933,0.5361872044784971
1.6643495490555797,-0.3482849870799707
-0.4265242490268057,0.9186460516640133
-0.9756371746299242,0.2105139009323334
-0.5083761208837068,0.9466045312368896
0.05799011653731744,1.0343953956666436
-0.35110366030326606,1.0321547194529295
-0.5921879376118145,0.8397717194214752
-0.8205422082689701,0.4463688197436539
1.0870501815350428,-0.5674618197200051
0.17604053943195902,0.1687907482762503
2.009833942920071,0.32703066514915247
1.263696231061886,-0.39578802092209625
0.23133597374522774,-0.18949081170643217
1.8578879695308614,0.0712274575970871
0.1965096602634544,0.136146703617832
0.0024752858275320366,0.1920204404164773
1.382303002281854,-0.4876424209828358
-0.43799220657711785,0.8707750943335777
0.21875369378925458,0.04488399930411738
-0.03368300901727524,0.41533018862377324
-0.8937196321010045,0.6525842870744929
1.8348885967897246,0.33264945255010003
0.8213464264040884,0.5513378957703537
0.4109618240404432,-0.30048162348189966
1.3868725384026876,-0.5486892818426863
0.8120476327851056,-0.4392724096806198
1.357738242602802,-0.5273715940011725
0.661677448188183,0.8057151193508495
0.829661287070481,0.3933189683796786
-0.8507926721716763,0.5351444705240588
0.03698324811379487,0.1951691088840205
0.08451915751589278,0.09366700635382229
0.7219665992610597,0.7168794502001489
0.10640935667724566,-0.017442968781488884
0.9903688680019564,-0.47015017019779576
-0.9557767069360373,0.2718071995209565
0.8600085470964789,0.3368960957788632
0.5260351904682143,0.8423076502932373
1.4917943071931852,-0.3931091898271087
0.29850120829965376,-0.15581775482067167
0.5178375208246871,0.913183775963526
0.30182885037358226,-0.1875488893292139
0.11222099997532992,1.0070779094794007
1.989496507798518,0.10194915346182973
-1.0138790507554893,0.03603720714873131
0.07886313738518595,0.36535857208739575
0.4488224356510826,0.8374184943633914
-0.9206037235277671,0.3711565915919472
0.22506049703247696,0.9959891683640377
-0.6219977042935338,0.7411433081737514
1.092124866531629,-0.45904193578659064
0.23003869507046287,0.955751067020759
0.9604852937876427,0.28529682119395505
-0.8680587236919124,0.4852256068761934
0.747567921368564,-0.48869883682185244
0.8709271714529355,-0.5334098515555514
0.8619930042069509,0.5587924121174812
0.04508072281442087,0.14263651584988157
-1.0072466176428443,-0.05185513020497956
0.9685882382597202,-0.42284469586373724
-0.9809923073089077,0.04482481534454369
1.469885708022035,-0.3674425652037902
1.2541393195036732,-0.5225609302413462
0.132123911216836,0.13182556583450422
-0.4663911896903986,0.8945282974246666
0.7022505266332142,0.7020021479259865
0.4149775067316267,-0.2709202875609883
0.4886842012828748,-0.3444132144404167
-0.01612991987241232,0.4365784262646873
0.1088053529227387,0.9553703121300419
0.7098692148694504,0.6164659609751186
1.9337576307967819,0.1771813579724738
0.4429233932080364,0.8525712516258626
-1.0056690923776304,0.3834308973768758
-0.6137639950723255,0.811456157888953
-0.049163954485081963,1.0009137722159207
-0.21692341469075715,0.9700145712801105
-1.0454326837634669,0.2312521717536434
1.1204335297553887,-0.5015381587361674
0.8350891447287184,-0.44015514661604954
-0.9652644233417379,0.10880596931348643
1.9326494351809438,0.3215137977494113
-0.1976788306095959,1.0733237488754972
0.6528465774967572,0.5450761977909783
-0.8596930810589667,0.48081326896966425
1.0313080253325053,0.10012726575763624
-0.0358587003871009,1.0034213023208127
1.9679807291218272,0.29631044900941694
0.3683320677947251,-0.20319610643245373
0.6256868157124436,-0.5509360147882754
0.94760334415354,0.03965806445802028
1.7724285770154413,-0.1358744356547946
-0.8037470251467276,0.6403908616791367
0.8173578564689524,-0.48639758596063687
1.9073272799397254,0.1232595218627629
1.7112362803788665,-0.22455396358825014
0.9424470799539644,0.22248726422106624
1.0047027197609542,0.24639675960336554
1.836800526246945,-0.02325485827326662
0.1256555663340398,0.02133343370811778
0.9773017108163475,0.15668498642775516
0.01813706271530425,0.25746790368425587
0.22017599230057905,1.0283173976355646
2.0502566780540814,0.3229975450603903
-0.9657285625186076,0.33649391244989607
0.023445709350168816,0.5059216831461588
1.6319463516713117,-0.31037117164751615
0.11363159513429023,0.1135076785169909
0.5911357113240111,0.7498793816157604
1.9470805549527013,0.4467788007001507
1.0550651300989502,-0.48268877095845814
0.03895604874452698,0.9964420487297304
1.010682114629866,0.09392280424995259
0.44899193116667185,0.8871016591487741
1.477389086632031,-0.45710709624773666
0.9590950074571998,0.279260664141754
-0.7017131383470014,0.6870663502925266
1.9472137767667874,0.3822184212193485
1.6480672483890695,-0.23808381398313164
0.38190845177118815,0.978333588318457
-0.35408604517173403,0.947938763462626
-0.01739070417283719,1.0936372154258143
-0.652033772865504,0.8025406948538759
0.07126121503479856,0.01260245418969741
1.116552600858328,-0.47726308765258957
1.9085809486892014,-0.026916636060132546
0.021762214879635294,0.9947346845598217
0.7991464572299363,-0.42593365329901534
-0.4177208972854696,0.8511072680192941
0.1557977717016576,-0.09780245824033203
1.03915044489502,0.13330431114233593
-0.33311478970532515,0.8028902123233044
1.0077414436461227,0.25513481019018214
1.087851835989909,-0.5613701842306212
-0.8663629189239032,0.5504175209602138
-0.9886459332281067,0.21972838218345692
1.2374810194622827,-0.5360098838519852
-0.48821953582707694,0.9143730395914627
-0.8863787682626098,0.4142327425956962
-0.04556835173126338,0.39522399416719156
0.1500262778894167,-0.010525155247551238
0.9052667586087088,0.4851594719730417
0.18876102774131967,0.07206067369195708
0.14504027215709994,1.013322018424848
-0.9978623488410492,-0.020022147573058813
0.6319319273101316,-0.3824822687191087
-0.03345533979530653,0.3916348963060148
0.06339023524188594,0.38888773906896723
0.5209212229213606,-0.3968618304379543
0.7437879475050617,0.7702652167273814
-0.8665022315062848,0.15652590122381274
1.9655062087175408,0.20008352980389033
1.7294608737441044,-0.203609861517016
1.6678927629163276,-0.23859979051228733
-0.0035084773742864624,0.5151312265246218
0.3031620036326449,0.9404468980104679
0.7342306555308852,-0.4868372148648372
1.0081258946271048,0.15819730561438292
-0.6644594035587896,0.7566604056012165
-0.035763705910199506,0.3918440142103632
0.6987296133090946,0.6923519577581855
1.1333592669322223,-0.4966590423802368
0.7102224229102856,0.688485074740394
1.4682858693864553,-0.5045403503313146
0.7581906316655523,-0.4891168537492804
-0.5951252941181114,0.8470248725281275
-0.0146552633942355,0.9853538335244459
-0.33108115004380223,0.9394585686572885
2.014515966574333,0.3943191456011967
-0.9489840413288815,0.20471315131799034
0.6846943480431295,0.7114261703024699
0.2859893926416853,-0.227727543447392
0.3428022727188967,0.8867425522481711
-0.9541515562455414,0.20055311770122508
0.9962615275645108,0.20681989391524688
0.9072073190740805,0.5271178321612828
-0.8181110495295713,0.651750182117958
0.052842666710619546,-0.031148491455658622
1.8925146302327902,0.042761092127750304
1.5816886424258128,-0.3187032557834606
0.1828423947564983,0.02322553684283514
0.864215623144591,0.6093727205925098
0.9457678159891774,0.2696147198613221
0.7449677974215198,0.7229358206858956
1.6801572662446986,-0.17429472114366074
1.8399212760512202,0.04257556353754113
0.7272833496456029,-0.4203157133686425
0.35312024628646876,0.9905471020093853
-0.4446648968821225,0.8765068506144972
0.0867027067664146,0.1294877915479795
1.964824940266095,0.3063540209085256
-0.5296421538279764,0.815982219710565
1.5890422719773294,-0.2504123348422389
0.035511797623507486,0.3394883196062564
0.8966287111949631,-0.5461537800179553
1.5710813985674563,-0.3408567413383579
1.1274289195408864,-0.446259752108424
0.9108797995061154,0.522703382879711
-0.10046638627855131,1.0070591450684347
1.0239139718385284,0.2860491536869055
0.8003987806434802,0.4869356708943786
-0.9763178392804752,0.2959882156786498
0.3463194844828215,-0.16890633431905133
0.6604956784592584,0.7728595248195038
0.9392198843629671,0.4577736729051792
-0.9386591612679137,0.3215513892160779
0.03575339916962261,0.37510289403599384
0.12598624872865197,0.38543047430214655
0.09845838871558124,0.22728644994348973
0.8574011968125658,0.586536224787815
0.19852819534202226,-0.12443731181141987
0.09545916116398637,0.990855743566899
0.8353277443200946,0.5412619272027818
1.054125521725107,0.07958992878167379
0.28328933027110736,-0.09291025798885812
0.8371645652273036,0.45389754037454766
0.3872821427038926,0.9094063071887167
-0.9104173509234624,0.3565271982022234
0.8447851688219128,0.6124260645205315
2.066542125574769,0.49920867505831407
-1.0206112898896942,0.13863241553239258
-0.5366224657489871,0.8478723518248685
1.3449526092464688,-0.3403727209739945
0.36391791718412814,-0.2584473667241647
1.6487108124197267,-0.348550377154395
0.8323620401450365,0.6855240591315988
0.040679331093967805,0.3303225287649877
-0.8354352838670491,0.512670294637721
2.001336649911454,0.20480045950033332
1.154251865138087,-0.5147140669703033
2.05872105358034,0.3027361184059202
0.49292704447306823,0.8225855718232445
-0.02897320836448036,0.9907828084823275
0.08782639517004923,0.9434582858347138
-0.3176489798499172,0.9271936482835158
1.972233537394334,0.4269802521309892
0.8383669373473635,-0.454235978094588
2.0025552339156607,0.2574841420724208
1.3286785307990028,-0.4863208691285418
-0.626724419278434,0.7905340533018739
1.039117186084608,-0.40371273255841467
1.059510230055186,0.020446617722744503
-0.618868560475802,0.750291923043489
0.9615305427785383,-0.5056433397482515
1.7619208161343232,-0.10724752703902932
1.0873320323443436,-0.4468113333084243
-0.2595449743155488,0.9219117889445987
-0.008300936471809628,0.2422173841038145
0.21834164931107497,0.04034084426366907
0.8022078123602416,0.5073028001600934
0.11766755184612229,0.0806074470087084
1.7257587437257742,-0.19428609378880798
0.058857083906353386,0.015955165092478858
0.21892911185089506,-0.21072043507854013
0.5173121822735931,-0.41467921683340647
1.8715107849550068,-0.07214266201843944
-0.48691333771776774,0.835358308650682
-0.33606412342256037,0.8868309112006978
-0.012381339188655131,0.422273724025168
0.9564046090939236,0.11863026517529134
-0.6692346272747894,0.6830055242218268
0.5055178069285674,0.9334990601647973
1.9182435614818925,0.013704361966419346
-0.9635547920024237,0.27121284799711326
-1.1123394955099284,0.07933722910065626
1.9929236010000904,0.21461362098611275
0.8449151513865321,0.49844139791488296
1.671889457422257,-0.22146072175266523
0.0504205777300717,0.2658712437761501
1.2051066449389733,-0.4299488292554976
1.8244166037491039,-0.05331305440336469
1.7587428110986414,-0.061787251834427376
1.0056287445184329,0.09618866583749704
0.19971907141093087,0.9426823172877109
-1.0110027257599503,0.22676396515517042
-0.08615705001379143,0.4551493384869574
1.764847823305733,-0.2065200582678058
-0.02456631679806142,0.4179827200120313
-0.12728604006403724,0.9399661628058864
0.6491356796778315,-0.4311565676101012
1.631706190657908,-0.3077682985401737
-0.5135976908321608,0.863341133237864
-1.0768342885270212,0.017082886124551153
-0.50668117517644,0.896955772727255
0.8727088431731669,0.4273309930921197
0.6829827800504432,-0.456308223316218
0.7838650149511682,-0.4621801196451647
0.4196537637148826,0.8848574912181557
1.8723375903475143,0.11438792019982397
0.4208492169089051,-0.21367817640651676
1.1736277736805936,-0.5214436689525083
0.9674430550944726,0.10640900556404889
0.24787164387371757,1.0182040789605875
-0.04501661345596698,0.21499649187418113
0.861816561565546,0.4654340442635031
0.33699283845857964,0.8756079274483867
0.13347552232332513,0.2688197058129725
0.42704052445178586,-0.3004447271075522
0.9846918992432343,-0.5817677576426398
0.4055428853858315,-0.34505700118108995
-0.9887781950795914,0.09583604813673405
1.0472182154016747,-0.4145409248893847
-0.6691224086748111,0.6629004890130549
1.7668069848306514,-0.13669024750003544
0.16024747029560163,-0.20716707518446287
1.0947395487308265,-0.47976144836039797
1.8780288688811655,0.3083586193173659
0.31390961421745567,-0.10857839534081233
1.0063048657401978,-0.5405767210063819
-0.9125544518676794,0.3143196645735875
-0.6300834573691996,0.830303110524755
0.5035689715210993,-0.2997289838555032
0.22338479812650455,0.9704344705763613
1.9013935309614354,0.18003907681900277
0.2685624281321222,0.9426233751501786
-0.8222563998077991,0.5965790789792178
0.18575514153584466,-0.09212842638686632
0.282673260562331,-0.17335377109733813
0.09099564434495223,0.04229606707321732
-0.5490595728988031,0.8130006471760933
0.44273974282682393,0.8042095816295565
-0.6205243234169321,0.7863693463112256
-0.8520257395408491,0.4826592183068995
0.9029467407430616,0.17173075422608697
1.7554657227430361,-0.029679689465333375
-0.7826207334673989,0.6528333805544715
-0.05006193842203053,0.9975201596580279
0.9069800340284806,-0.5112652916636845
-1.00198089442653,0.05141267429009014
-0.05798716431995045,1.0013534607329608
-0.012867456709804163,0.39661375410300476
0.950550701692179,0.11587233674512674
1.32795107813919,-0.4699909785172904
0.22640103090648084,-0.21183758038217082
0.4478570747395442,0.8980171640110466
0.1879570372030786,0.9881961680709613
0.8085146343713024,-0.5091880351110915
1.0172555511534374,-0.4320671291906934
0.6341796431482731,0.880371618980556
1.4189140829491667,-0.49730483141206183
1.997847941347962,0.11852787251177584
-0.570821160003957,0.7759633533838801
-0.3865886504516711,0.9956713929096089
0.39900404252096155,0.9982766150966209
-0.6137694389503825,0.7366208793605081
1.6960876035817196,-0.28047146247978516
-0.23115548055430515,1.0867982006522041
1.9685808491698567,0.1362182253712972
1.1704437642510905,-0.5144202132467561
0.12702283649620733,0.08584447387207747
1.8712088993160165,0.009201830622370663
0.060325062819179036,0.4163745719102884
0.5410893102150927,-0.45343754139222303
-0.7308274737379614,0.7286464826012902
1.770295555899485,-0.1581199309794173
0.897562145349307,0.3806159355028141
-1.0018106859784441,0.33513218967856206
0.7409318587192629,-0.4429977103372294
-0.03390363037147813,1.0438099337678495
0.48650880618177117,0.8599419198570797
0.33844201212467107,0.8680954586091353
0.3814850816064832,-0.13754450956133374
0.2002961260932169,0.914322234593165
-0.8138039112884947,0.6187360951750764
1.2468555662648266,-0.3847813959598741
0.9142676760030126,0.3060810060718855
1.9654088818929276,0.19034120199591936
-0.49928470960236154,0.8213004286076252
-0.5685668779159168,0.7396601514624714
0.7164672964447425,0.6054378649221603
0.3955017558980637,0.9483953556769498
0.5372109993437267,0.8183638449758088
0.5327477682256638,-0.34088457608361417
-0.2954095398070534,0.9052458327150346
1.9221942281356776,0.1850481206215105
0.23784564019540827,-0.0006399883617942276
1.3001599782298319,-0.47502683113878413
1.9994061373496865,0.4716777162977444
1.3780948532081108,-0.44719369589931174
0.26123220357040045,-0.13044805079500765
1.8155789276629222,-0.14345072457272678
0.4025043339663422,0.8483376726149492
0.26452177589136455,-0.1284604744725396
-0.7215041304172045,0.7177511121153729
1.3739381827389703,-0.4039268629510308
1.6928048448939592,-0.22730610767591267
0.7125275505540112,-0.42271049362980523
1.7208269092891184,-0.20235063618948465
0.561028672002046,-0.43539607016080073
0.8918816586842848,0.5918219981980295
0.3977591925075205,-0.3370426152300849
1.3807752811455565,-0.35365793872685963
0.5735895012785311,0.8482249084830171
-0.009049501410534481,1.0228229748060056
0.5025755756081345,-0.4622153442864322
-0.3968736929593343,0.8626558657497737
2.0553627931013305,0.43470416090700564
0.2663427831319644,1.0196561159754245
2.003659980614012,0.24245586112736117
0.19049276493455997,-0.040617877091676954
-0.7431905538289526,0.5977508500096115
-0.9998707740199417,0.009993396151145233
-0.9370046058062672,0.32558302173530834
0.31215383541448144,0.9977541397926998
0.9665449352765049,-0.47257829327350026
0.4412431627365517,0.9179717464332633
-1.0999545967258542,0.16584447054061363
2.0176908424778213,0.30068462305314936
1.4823603105873353,-0.4206591127322676
0.0015942591780783479,0.367710158898177
0.9857514156418079,0.2921501510108879
2.057552254800302,0.3629756029429858
0.032050417901657725,0.9748753809098027
-0.8011962167158753,0.6161786749450411
0.8191073257817795,0.5529107847039233
0.6860424609713287,0.7933361232615069
0.06519321063031612,0.44020289078374686
0.00436449470591882,0.10798404540696155
-0.33220636495325406,1.0228619885964163
1.938613376212878,0.35836065343093765
0.47687871503594625,-0.3527400111755942
1.9151879640037646,0.14758077290942131
-0.03170049796290268,0.30284529796482934
-0.2649403239196827,1.060361299488829
-0.03114123432394876,0.13500344763622185
0.9677572682623867,0.32971602687708196
0.9916093848848907,0.1604879508922507
-0.9447698533202473,0.3896740471758048
1.1712299251164124,-0.4782930371855391
-0.245972445271883,1.007312816171369
1.103684017214129,0.04194414632345078
0.7382697343473741,0.5824835575634771
0.2885729523716085,-0.29131488018038443
-0.17277104450610498,0.9879505124614021
0.940827563067526,0.5270416636185097
0.11743973713876332,-0.0069158640772157415
0.14811857543774848,-0.1541218593771076
1.918988416558623,0.11299245736548047
0.7103165577697835,0.741230093182085
-0.020141438922350666,0.9925947608992118
0.48356754240536415,-0.34507213941989995
-0.9706392594135784,0.4123176990179888
0.9748010792970938,-0.4784044307884509
-0.744516216383294,0.735221901064524
1.3401050078290568,-0.36026454323666807
1.9003965960740306,0.17620815543223223
-0.774478734211185,0.5563290214488571
-1.0547206896294448,0.06761507455079083
0.5754262643361858,0.9230493819586105
0.16982799966592083,1.009678546360495
-0.9611872452989912,0.10575797317121696
1.828461381641538,-0.10601028613099274
0.8217705870771249,0.4578821125426107
-0.9940259849783155,0.2379368337952124
-0.9906076240700797,0.3630686975593675
1.6702386529398803,-0.2750911232281346
0.013534186230830247,0.15512133582938198
0.25799263668175987,0.910310798347643
1.0030176072984223,0.27670428022522825
1.3422935930778879,-0.44752391328235697
0.8589708466553292,-0.4794955528675628
-0.1321426642343571,1.0609768460564135
0.6043146786047404,0.81299790176943
1.6383333057955851,-0.3520171620543891
-0.38014504029951757,0.899208538589861
1.6965492608636907,-0.2522690106886407
0.36828098620351235,-0.24822787773863403
-0.9088961633011923,0.5255698140000143
1.7809857752942604,-0.15153669866989228
-0.9446899687190659,0.17854845391048438
-0.83028488811296,0.5784489452274699
0.5880788766527014,-0.45012314393177877
1.7718532964485185,-0.016202454633191504
0.8845044924309887,-0.4910290636007338
1.2358527260051546,-0.49946608160784023
-0.5187189552027811,0.8654413278145134
-0.9339530205851722,0.2337494356224417
-0.9103947746212245,0.36724173784478004
1.3534714690214813,-0.3914363648725915
-0.9378506370198353,0.4428684152372857
0.9907485987467701,-0.43707093110182166
1.2602137318361357,-0.4677270772005908
1.9734293370953016,0.473114104151182
-0.9090636797916984,0.19132869775661188
0.5426111138303437,-0.32872468656969656
0.7860523611850234,-0.49654455859344154
0.94363884657877,0.4570291311243837
-1.4242346151250055e-05,0.4845860079465658
-0.1431995765741096,0.9209765261860529
-0.3151240841719626,1.0086636347425109
0.9411224584695284,0.06171212619372901
0.8411888919270346,0.6824960502708872
1.9485615041571696,0.47519765746406506
-0.15401272303567715,1.0497501316996114
0.49357515367021737,-0.4585217353708049
1.0673766303780983,-0.5333198841014578
0.5471745831357133,-0.4416918236536529
0.7392686418789618,0.6384242902885952
-0.7846913502884458,0.5033496362298754
0.6384035528382372,0.750900486820447
-0.33909079541768833,1.0102039247742767
0.06720670186246316,0.3534323306233426
0.3373402814420822,-0.2674841276996529
-0.8854598195939569,0.22799111379289322
1.6353779594872753,-0.3434151669928496
-0.3451579669623747,0.9844045808171267
1.8568909108619744,-0.12433220896803429
1.0072684417421178,-0.002996602714523962
1.6741782170056214,-0.11114191753513522
0.09755069066531444,1.0611443718755207
0.02331213934517606,0.3926346679490613
-0.39970699853183633,0.8905729618598844
1.8571274692809931,-0.09278461954331499
1.9096824449580394,0.20571926747536576
0.7976045997334819,0.6379564348709313
1.7596090841553709,-0.1291264429697629
1.8761584036477266,0.0953899895720207
1.0628560443822985,-0.5026628201952474
-0.9295310430339454,0.5155826590917822
0.8235560373809494,-0.47481743126020975
1.5726861452251293,-0.3358285632486718
0.05784409868454289,0.4161397026486585
0.47743859949003314,-0.38583998317406737
2.046318043266543,0.42182932965713804
1.044933033803998,-0.5209200441156062
0.6166299647554683,0.7570919781088893
-0.9532544057499851,0.0566414372246823
1.0727463907326735,0.1900088179900591
0.5931441325959599,0.8015079107528672
1.269070391439069,-0.43175624795264866
0.40403253088866187,0.8965401808083355
-0.32592677372263884,0.900341999671012
-0.13278586441481913,0.9455674473574266
-0.2543280829243942,0.8695024728922205
-0.9726952085179157,0.06452551308065012
0.11625336534022321,1.0215622407119866
-0.01807632870152178,0.9869086663383033
-0.9931204011013195,0.18577825177370724
1.9231722193759437,0.007060518585538699
-1.0091463372768017,0.11460629569527564
0.4420917685349338,0.8381503968476642
-0.8646858383856614,0.44381814361205657
1.6230568326556258,-0.3015052202314613
-0.15606597018007815,0.9459976800011183
0.7748078009488318,0.7530925314689252
0.5796949441732154,-0.48456608009683677
-0.9991113018976644,0.032782038375784556
1.6361437552314788,-0.12364174990476882
-0.1707023273684287,0.9431573510426732
-0.9816209313564601,0.0652759571628995
1.4859876881720733,-0.40487142584387015
-0.04676247935475884,0.2906790383609652
1.4829918399950244,-0.377338358748829
-0.9720061467971632,0.33144870398328763
0.13988095056012964,-0.021884549468399087
0.7533191142939467,-0.4602107009333765
1.9836002959698338,0.22982001572552324
0.8981419341346263,-0.5537567475241715
1.6901397257290163,-0.29445815101556366
-0.5189151799372249,0.7637130228612021
-1.0520071299580278,0.24387629253672888
0.47698909050740557,0.9508136195254551
0.7856330224460364,-0.4466449403993003
-1.0466087978080656,0.09086479386116883
-0.8403250103616086,0.3054241126579364
0.2860160447069694,-0.1391616712751845
0.27839049382487185,-0.23591033359691815
0.9190279823928141,0.5290273942282502
0.31043671568058256,-0.19774728482254117
0.6649720238077745,0.7178312856204
0.23899780810624488,-0.21778775095175215
-0.10991124821958263,0.9724717185904971
-0.8435341738846684,0.6427287298600902
0.8856468094346069,0.5080800315185086
0.7807723028472451,-0.3693160087479156
1.8123817141001406,0.025901850203383828
-0.31948717625312045,0.9237543422285691
0.05500594808081669,0.21829037389377445
1.681319973093245,-0.3201433044870453
-0.9835327093329266,0.46189599397706055
0.02678281690674471,0.31224148803871354
0.15792848163241444,0.05320530401374657
0.14855655242689683,0.9537248781941831
0.1096551960767167,0.07848867935363571
-0.28245991752729693,0.9444798218849775
-0.8904776910352836,0.44462514834449274
0.06433479919617416,0.2793777320126004
0.8127310781367242,0.5575161408586494
0.3568489735746409,-0.28381513460488167
-0.5768324183438578,0.8051771294808597
0.509372735764109,-0.3394264313597438
1.7755994445659538,-0.048355029532791347
1.297701646911512,-0.5031837978708938
0.2890417792446268,0.9687733246099719
-0.026063429350905783,0.5359479743248351
0.9530607077358911,-0.4071450304594005
0.7142310385081362,-0.44837566429607395
0.806953230735876,0.6035741543336482
1.0051083276913582,0.3581808219042846
1.9664395840336637,0.34000604861918154
1.383395379373702,-0.3239445232736829
0.8211108730341048,0.5950279754424154
1.4975068479056304,-0.3372521266749041
0.8555548455832684,-0.49937783387329326
-0.8572672830346604,0.6137815207697075
-0.3029235891093945,0.9668245469739006
-0.9459571243682516,0.20196389837237072
0.42146148278037443,-0.25147082793371206
-0.5646244506300955,0.774970275260374
0.29904071008303745,-0.12191060676597938
0.674757592892066,-0.3850249582402547
-0.05343747039411592,1.0785527512123663
0.8547115571068844,-0.47106603316195433
1.4338784732836358,-0.339471654365683
-0.9307947097869351,0.38184124380912615
1.4540198107488627,-0.3227465693834817
-0.0235446967769095,0.4502563479194128
0.6635259269589916,0.862419292892602
1.0878631489632324,-0.43069653529375873
1.2913402190439442,-0.513046559474672
0.7309566224533763,0.8309998138245617
0.49775370300342586,-0.41070836265990823
0.9092539750055818,0.3510634601646247
-0.275693464560008,0.9251103347163488
0.6117964030819413,0.7704095057845013
1.058321881648324,0.19152017303977864
1.9023357911470955,0.17284975090807342
-0.512445482801316,0.8414370639117353
1.826550518039682,-0.08922891700120303
0.6313084770053592,-0.4431482053665121
1.38722056831973,-0.359571519104318
1.8099233087071611,-0.05419275835206436
0.20742004558687385,-0.16873116434378443
1.44038983349207,-0.3948856314696314
0.7337453416588954,-0.4922218938105697
0.05333595221023653,0.9905958704779418
1.4336082220486512,-0.33192820131287337
-0.1690745873236159,1.0041252732970154
1.7514682033810467,-0.2500875485332937
0.0036510837537561576,0.20346512585552223
0.33196427620267227,-0.3179307934373926
0.7008983695813443,0.6339536431512903
0.8891475058026974,-0.6084802315048768
-0.6327160569407602,0.7952676557537922
1.9673694589790418,0.26890736382818314
-0.8626039330618874,0.4818734538588615
0.003009518116909371,0.4066203153101053
-0.986954499191728,0.2912448216537993
-0.7248618464002062,0.5870102389675244
1.3467922664161511,-0.3758324282576339
-0.08126483013868191,0.8999244455228009
0.6527415083268489,0.8788192610221578
-0.3448530344880623,0.934301536546874
0.2235076643089311,0.9801261777859748
-0.9305135200584445,0.37246556529873726
1.8168319381351783,0.09795581790815977
-0.17758611941205263,0.9516462995209007
1.5931330027807902,-0.2553339417928445
0.6077258291888973,0.914278641561034
0.06302304896665087,0.09095139789606427
0.33813417900002474,-0.31271447097664057
0.3025706837010904,0.9959936338086519
1.9275494751788382,0.3982240536179534
0.2549076076313035,0.9787609089740865
-0.6814470919760733,0.7505760268405236
0.3208542015623468,-0.26703078559365795
-0.06386139245851177,0.36852364103106205
-0.017951228642534227,0.9881575865396768
1.944869913209463,0.3835623484500762
1.0779147139163074,0.3622512028711768
-0.6376785558924356,0.7370679224873584
-0.7391847809125822,0.6039472554589679
1.227404781033949,-0.43196053056738437
0.3711309319747869,-0.28902795493019
0.07521235251284529,0.4750700243230155
1.8231192489035117,-0.1033181537527881
0.8118155233791161,-0.546678121889407
0.9497221980506977,0.3843695511848963
1.5524307266887476,-0.33414213778098495
-0.0008866294138548253,1.0771381952499277
0.6523575767226695,0.7035757438153827
2.0406251114148515,0.34398030377659927
0.9650034577953872,0.3364394004583762
0.5496396081722971,0.8289336633862817
0.6073497410069476,0.8701673176917122
0.002691066327724455,0.42484989848507604
1.9986322932222502,0.4806260230876626
0.5337852498121807,-0.41504376063527604
-0.3735307821210199,0.8707159131948072
0.20574475767630307,-0.17396012887661264
2.0375173724352305,0.3204307890571655
1.0165854577977733,0.06200733713718254
1.1551699899473005,-0.5692082738507352
-0.03647422068927837,0.20094148684139884
-0.034761515124565386,0.4213748896733862
1.2397900611397934,-0.5112144844279832
1.1550141474605489,-0.4156845927715714
-0.8018116281287525,0.5512556194331857
-0.5902170490744543,0.8772267626989388
0.8286243732461551,-0.4242807735613718
-0.7474845060756333,0.7251376519537598
-0.4213033306715346,0.9556666048901966
-0.9883773957845577,0.13181231329221618
0.47402291112938993,-0.3355039499840744
-0.01897150616882154,0.43883180931909604
0.9888228237448962,0.21219213929003378
1.3893529675075307,-0.5012195742174436
-0.5373337467887015,0.8156388454673343
0.45158172611200664,-0.25407843649352024
0.2947714422689166,-0.15061358925253976
-0.20787618357944973,0.9647438339534915
0.25666705952775987,0.8845471533201863
-0.07086199230832563,0.9740036135897288
1.9060381326742812,0.31246984419634827
1.6439144905766612,-0.30650272103807114
-0.45779052944510124,0.8461490565948916
0.6647768713279677,-0.44651741521631955
0.4451389894809196,-0.3290993074830771
0.18486617067488142,1.0679603964307602
2.031493723712999,0.17524644362403702
0.39584658602091294,0.949352335992643
-0.8095604811197183,0.682164936684752
1.6108552181898308,-0.3461286761295973
0.9227723188458634,0.17377577543564246
-0.753607615968852,0.6824015110370576
0.45569434353933524,-0.2627208884229229
2.0950984608752496,0.4604401789481646
0.7239256255393499,0.6499683884360332
0.98545007816521,0.11244388730122706
0.37401528180956184,-0.3002600315103473
1.6966809328362822,-0.17575055742205709
1.9886714911546204,0.12121415833882623
1.1841564767676567,-0.40428404567478654
2.0067650548564573,0.28088251749030824
1.8973218971669956,0.08427792366833989
-0.6901574952354955,0.7232786778764451
0.9213556775525493,-0.4612484553154706
0.38646951132050655,0.9419538170378704
0.8993225052096143,0.475117618470489
1.9522955049246635,0.4346183291066816
-0.6652252145155858,0.8305820816574125
0.20755053700308101,1.031467104518757
1.02091091794669,-0.09631720171053633
0.2504129974543255,0.9830866733456539
1.376493679651106,-0.3667573538068138
1.5700358624370792,-0.3890629566737757
1.038782814985059,0.2390030431366572
-0.9186614940871777,0.2330755523356089
-0.7214474508084806,0.6780990542911773
1.2968605003156637,-0.4626628010586486
0.6665956822136834,0.7740042838760911
0.009756247198021865,0.2894900505409456
0.7680760605129764,-0.5083094232200774
-0.9458908052971338,0.4056133379973853
0.2622112696292484,-0.13495387551557103
-0.7707825248128403,0.72829095993805
0.7906584758483307,0.734449523903923
0.7564089401130863,0.5236402175457415
0.9653601422361591,0.07155367017717747
-0.12486849580280743,0.9204853799738966
-0.46082525489094117,0.7820392940362135
2.038664789024979,0.2757662446904254
1.7115243882304998,-0.05534521725291924
0.7311862063917755,0.6520870438153165
0.9606233118959256,0.42035426150977445
0.6123650030388923,-0.3725935702402064
0.10273299650330792,-0.052699610105157474
1.914085746347528,0.2505580699389713
1.687188956137078,-0.3447449359179863
-0.7624474319120638,0.7135249474163343
1.0203186843288488,-0.42507793362564095
0.030624462657954824,0.29177294847175245
0.078356450132957,0.05780225345763142
1.8068417152584502,-0.06321481055978989
1.029209502872839,0.2635182871988763
1.0368356413824844,-0.43449650603964984
0.366285170154515,0.8657180125467057
0.011894296268514126,0.040263662776037754
0.99737288458595,0.3009224823513565
1.6498630192524806,-0.17691227675468835
0.46438270991161007,0.9271561297953299
0.11215545543669482,0.04631221160468078
0.13455426858930175,-0.09467908471814629
0.5898169842094824,-0.3739257402476649
0.6774640272586018,0.7729787178982703
1.8897348743418363,0.19289574335832593
0.03150986947241618,0.274224078985938
0.26864705067778555,-0.22649544072848776
-0.7663386559386335,0.6797034692756406
0.6757769914550924,-0.42413069771789075
-0.510533938721327,0.9649024008308242
-1.0535608012028423,0.10924637722425634
1.9596395071520807,0.4339352972872576
1.7088765557837624,-0.24531960855151164
0.5714768528564054,-0.4638668476029427
-0.1708161846500767,0.9186487164820744
1.4837120621787432,-0.2882093800230893
1.8074345263880984,-0.16530240559314552
0.4530144738599986,0.9088710178369689
0.15622900574568033,1.049900948850705
1.212148604541481,-0.46444022057730516
-0.6565628984946701,0.7205437524144951
1.7922021753859698,-0.19447076914419267
0.03713852106806842,0.2804788145450843
-1.0425604028888082,0.10026804576542936
0.481929490822512,-0.31150052488024094
0.604506854488034,-0.44553662215142253
0.9916703748271336,0.2538771178520456
0.03350021874898813,0.27682930533836536
1.8067185952743776,-0.16666031633064662
-1.0326672558896342,0.29443243519899515
-0.09247655860001651,1.0930225091792505
1.9129462628291827,0.06356083050272543
1.0108021226942598,0.328852261203843
0.390757451592882,-0.33825762656222047
-0.20466782013650409,0.8960206809111603
-0.9444953994809202,0.1382571398409532
-0.8094074939935746,0.5969955517263885
0.1745893432470796,0.07636217807542965
1.5149005553069161,-0.34433052180109536
-0.38643020405978357,0.886376859047423
-1.0240218607608167,0.12241917094716143
0.0762881303659296,0.14443451079043673
-0.3745301791235946,0.8885480183497687
1.9269117367114292,0.1911843450524116
0.7971141391483747,0.6698203827725087
-0.7487434469948907,0.666716837679258
0.9074459755811701,0.5232926208150351
1.5508066562852982,-0.35891464558630226
2.079390422347593,0.4496176750468822
0.12387810054000724,0.9296301784691106
0.8620411943326967,0.5831883448745251
2.023112971047384,0.42763421007334385
0.9940148158334429,0.17228207128596437
-0.044825034889843796,0.38195048079360605
0.7312065307485857,-0.41092304774083643
0.43454088507558286,-0.41182954444496767
-0.6969689369802894,0.7555967978501027
-0.2889822396085508,1.0073008896280489
-1.0024703479086974,0.12692006694540492
1.8331517767029697,0.051905791683193515
0.011622652525850728,0.37437732332578144
1.4227837265137366,-0.36416786188222044
1.223925924670904,-0.4255941963392289
0.7998216567605634,-0.6283971714938869
0.8673944815019788,0.4672742325544491
1.4950209965008145,-0.3294751948554837
-0.32973114733360526,0.8635185566230978
-1.0053615477958495,0.26593119988909153
0.2935071926416319,0.9917601517215665
1.2079662396377815,-0.5127622619362057
1.039837771562124,0.09372430449382502
1.89147803380908,0.056110211327767265
0.7294528018727368,0.48247619998449276
1.5513198961448824,-0.3963611564333506
0.0512263613886011,0.9250024930092688
0.8306753556661837,0.45915427915088697
0.05770417810577197,0.23678727194783283
1.83625654240304,-0.16239806455382222
-0.8724490963088324,0.40262723706380144
0.7510394382045139,0.5980632906763116
0.9820287259848033,0.26961017232833756
0.8655414282887284,-0.4544382311354856
0.5183222844049917,0.9122292253392419
0.9383236549948438,-0.4500474047132388
0.901357634909261,-0.529715899378288
0.2808841972226287,-0.17837780120346897
0.8483271502565713,0.6123264946776324
0.4715723418599156,0.8453783141515561
-0.9031064301928432,0.023952325678051008
0.08646655387992937,0.9763066633687812
0.32663523103420183,-0.1392372306786093
-0.26806021197963337,0.9494967178167703
-0.19135311027200738,1.0011879928971636
1.725947059685544,-0.2257887982633804
-0.11490592712854618,1.00591932819451
0.014061739696719519,0.41600505801556686
1.9697449138857166,0.27908654703117375
0.08653355977216709,0.98568346740158
1.2738094494358256,-0.4614591059778294
-0.6711268031575436,0.7445683784231903
-0.7337485991708041,0.5198648503091026
1.6578112686857096,-0.2096506484949428
1.9129080315164724,0.4458434172218191
0.35187676273536367,0.8748262166054107
-0.037273247780786486,1.008431318731696
-0.46140661926444837,0.8126135032054662
0.32526285790884324,-0.19293931544248422
-0.705316310354822,0.8626832544749516
-0.05346486458081575,0.9970233455990056
-0.012865041393914062,0.13493491901318308
1.0416043426059716,0.20351396877819114
1.9504175306664702,0.14117354475217492
0.8254890538374564,0.7073741329150756
1.9110638359621677,0.05558093716454035
0.16682845272160673,-0.048933812949319144
1.1496448542152302,-0.46776208673111613
0.19277799240246973,0.9923072489744279
0.898890566785374,0.41250160157349836
1.926189083351259,-0.005131719742296842
1.211948670288144,-0.5132319431618755
0.19478742182130912,-0.02560791538797437
0.22772152513108904,0.9648364885126532
-0.9862124679574839,0.0739735535827826
-0.6187114015535001,0.7594411008382361
0.41759637030766106,0.9444733382610677
2.0704053089895953,0.4913425128669612
0.03540978284282362,0.33300437607893707
0.11420359268550706,0.3101351133009182
-0.9725311289321313,0.10015997487945777
-0.10976219800710987,1.0216568630290572
0.4286755117264518,-0.22611010373620005
0.7304769539116116,-0.41344335777406405
-0.9146721164459107,0.4396312536885707
2.0166065326474816,0.24337874332851023
0.21781096217148824,-0.0914535616149487
1.3987518434312338,-0.3880891102207393
2.067882311322885,0.6414390406720701
1.7679546724869986,0.03131239983421247
-0.8703163756029813,0.40524361526976116
0.6908379681733389,0.5838181679288187
0.006222502959598773,0.15521127699163165
-0.02200019042922617,0.46939230440903196
0.06458205034163837,1.119579836548932
1.301892563454234,-0.445493322953808
0.4064973528725688,0.8862073629177127
0.2957527310044176,0.9526741593087276
-0.920858872112249,0.07989380152185874
1.3775673714229677,-0.4000518850626355
0.16105743086990337,-0.10971289339706888
-0.35052288770355516,0.8305168253204003
1.9399412234862976,0.4983352423978464
-0.04772623980870437,0.1060421411447354
0.24954241808287386,0.9579578704935807
-0.4558718204807729,0.9564156514493724
1.141404557227089,-0.48210855555650406
0.7638908623873383,0.6478046756663293
0.2258573872724889,0.9612546694085988
0.32818486172946393,0.9348980928961036
-0.5476977350594197,0.8206071102934582
0.2587115746073011,0.9308976126526785
0.662906093803839,0.7307297007242353
1.8542222604275844,-0.05223136300106344
0.9989521595998544,0.3327910327637296
0.9555772143992063,-0.5160137824579917
0.018635823809873615,0.9876567085977586
1.9268247150944657,0.11707490461683384
1.0109589479893994,-0.562731958661449
0.0595418430461339,0.20556320003758968
1.2743596061962594,-0.47819334360596905
-0.18942653909027804,1.0395016900308276
0.9746593265832152,-0.5444452743015805
1.8901990111389504,0.17051969226971228
0.0537139195064986,0.9801312276607062
-0.8721968016756894,0.5263019544564811
0.7201929222772312,0.5970742127462931
-0.8353386844440166,0.3448188285595105
0.150370264681466,0.0011637500532086856
1.680331385046111,-0.17682288393745674
-0.8258312967182901,0.6293751892619108
1.3959957641142997,-0.4608792118094861
-0.9430235141811654,0.19171929613957353
-0.5098692294331121,0.7522219073757308
0.9460323030379266,0.3161098097616372
1.419770544770703,-0.43430559138062663
1.0361394397850037,-0.4339851675256722
0.1730627845650474,-0.05887633502478524
-0.10159086384043317,0.21552063592198178
1.9854289132009022,0.3565510175995732
0.36201884350263847,0.9163466307025786
-0.7868886138412448,0.5267960133587293
1.5602495144728805,-0.3684145118832461
-0.728475148623707,0.6818431996430866
0.8716847293398469,-0.5194738069090001
0.716131790820431,0.687197520446029
-0.6326903588677713,0.6977907130891107
0.9554341853392776,-0.47645448678954233
0.28771220011578946,-0.3609768355589419
1.9216205336507166,0.19979527037198103
-0.7864766065292973,0.5750367431546718
0.7593403504455968,-0.45781308761625916
1.3671197366372723,-0.38348902689353287
0.4889737726443301,-0.38706039763950684
0.6178154836334693,0.7209305022073925
-0.7202287567456482,0.7842689869793237
-0.2698745493513125,1.0186944573466952
0.31261299653288566,0.8991218859426302
-0.9805458942535272,0.3316314334474671
-0.011978065188010876,0.448707730532904
0.16365589045377013,0.882034152917381
1.7455657067119097,-0.2219706618770096
-0.017989418594893503,0.049427223972767026
1.846499208950592,0.045654358445659564
1.025372137419472,0.20510397954767934
-0.9374848556583988,0.4019022653587319
0.6860031881111723,-0.44654620504351417
-0.02944994179808711,1.0417362253993778
1.713485978452403,-0.268948013282024
1.9660312940550262,0.11607200758817703
0.24418552364797994,1.0465855159139208
0.0367458574002769,0.3378121234037023
0.08807407618776435,0.032277874364966846
-0.9133729395697131,0.4765238045964035
0.5010624182679448,0.8080925751300178
1.9063663115000347,-0.09133864897285648
1.8521165910434043,-0.03298032193425054
-0.05703950002662693,0.9720152116445426
0.6751903071041371,0.7574469597249196
0.7344672692857175,-0.4767463520054537
-0.9558149496427795,0.4516414695423033
-0.48042818119664055,0.8953524190529001
0.54413353839187,-0.32656892137079563
0.26682373138372917,-0.25131935749190504
1.5434138558960135,-0.3570217273621542
0.5824141436662269,-0.4104862422162096
1.2813479229593343,-0.3718977911503455
0.19677664520333754,0.06372709159778411
1.9492270183899716,0.09621556601115627
-0.9202748248043016,0.2859570944434679
0.5338115290469885,-0.36503564756036594
1.0295026647240446,0.13053924477667447
0.7008385481417152,0.5230669009232444
2.0204488543238193,0.4950028553553973
1.0193708936161106,0.09026282783469114
0.06504089462150404,0.03449743910212996
0.9114853050321752,0.3839736442494933
0.12521808290855024,-0.056376144208327074
2.0272206737394227,0.42153769367976307
2.0950682946128736,0.25717473186193224
1.7627271645511697,-0.07826300463384656
1.4768577050056564,-0.3930198025471825
0.4961522039082234,-0.4196536923734357
1.458359678861659,-0.42114635771917064
2.069510134009828,0.4321694256041225
0.9302770711493633,0.40713869270529324
1.0210289666279087,0.28006527027578
1.8752974621392167,-0.12718441245798498
0.13876718362689974,-0.03140947887663255
0.5375380076759465,0.7351786402189221
0.649581208414749,0.76484635245269
-0.5955007859166993,0.8253186600158021
-0.004744159088103328,0.9883392181580525
-0.04068674741362732,0.9523251864414659
-0.39318744621881596,0.8972427091035527
1.200858098930722,-0.43764825503652544
-0.4749032673599287,0.8205125523331279
1.5605758987209448,-0.31613583813536167
1.9548450804353792,0.1977414173373127
0.22703939309115417,0.9889035930405454
1.1988346813458735,-0.4199547313042301
0.09737932585919984,0.24634044596780463
-0.4445744783088821,0.9461702321314793
1.7089610125685484,-0.18997504081218503
1.7546874962226515,-0.19071450865020037
-0.9695503717880823,-0.014231806611070014
0.746907480933972,0.7064364679234681
0.7093772242223754,-0.4455928082443662
-0.09869282124898504,0.9675625342816804
0.007495538842532755,0.09034272682823696
0.9589109928173501,0.012288007998346444
0.8509603475394576,0.5313311724459462
-0.11096663874246389,1.0107963432930718
-0.8635162343177295,0.48825849273590943
-0.4835048009520629,0.8100565871897516
-0.8095322605807848,0.7476285526487283
0.3903669182867956,-0.3684119510606538
0.020029782639040924,1.1024912402646525
1.9281463675696588,0.383275873495578
-0.3198204600673977,1.025586857319825
1.0257776910140812,-0.41437269796134807
1.861951628393206,-0.07212309323512212
1.9755314882442325,0.21431328403406588
0.8234986426594458,-0.513291274933982
-0.675750293138193,0.8049936521923765
-0.9913647159559058,0.1923672277857354
0.9746064116378196,-0.5712664163090031
1.5119678110748866,-0.35506933513748123
0.523238922188248,0.8034455281564642
0.7581635105460733,-0.4760698282413647
0.37233154607829433,-0.2700012898917023
0.46674714216315716,-0.285970174200399
1.9007874214440972,-0.01956131282596088
0.4570691165195201,-0.39234461797109343
-0.24280703748470497,0.9286322740736881
0.8405066587608213,0.6367552571864759
0.637083489921087,-0.5024670104815057
0.41425559616267416,0.9747783489539641
-1.0003378000392489,0.09360781357424658
-0.33165890601111087,0.9996705321768746
-0.5417026913939279,0.8551416168577859
1.5577141911818155,-0.26403612190286196
1.9263003999658066,0.4079153899244119
0.5193057980168635,-0.330212655702789
1.9532638238514957,0.020505797623051762
1.0901711028661836,-0.37972978504082866
0.5070420225292283,-0.4139989733125378
-0.8313835485015911,0.5756739667956685
-0.8353989431609534,0.6264382473026792
0.48598266837920984,0.8066817335611017
-0.7970202559900617,0.6024264324083406
1.934400352466929,0.12562615888294723
-0.3481054305869246,1.0131455080530145
-0.1301028971556728,1.0551461009395835
-0.6487891430166723,0.6617843584100744
0.48707508843492114,0.8169028526276596
0.8416026523183885,0.5150074622718678
1.7954484366177,0.024840824381335915
0.12824014263105366,-0.02208423681386356
0.48072588399828087,-0.34731463198932144
0.8329268353821454,-0.5039251145984257
-0.8352080167727625,0.5800298655299755
-0.3933015130447061,0.9199162295280988
0.5874172052126593,0.740042421251052
0.2291461015058151,0.934500140499995
0.9352052163665326,-0.46479976324496786
1.8698727943676978,-0.048130199362045226
-1.0002921667092262,0.3506108668871184
0.7524548661572985,0.6891917735403507
1.1509913148561874,-0.4222236220656219
1.5657160127794914,-0.34200572170606586
-0.9658559922695145,0.2987429600428273
0.9352819807938859,-0.5537981710193572
0.06748338807650237,0.2511024005431574
1.0225064723237496,0.16456931661358948
-0.7297092793011669,0.8029296467118862
0.5627202423130082,-0.49188077640649547
-0.8475169263836602,0.352961692423433
0.22571882305617458,1.0234467620258434
0.9137666274058505,0.3716528857720951
-1.0108868022543815,0.3514162271646282
0.1431240538588939,-0.07436450504398454
0.7067347688983378,0.7811625142530068
1.0145173494046236,0.07193158593786025
-0.35473252057255333,0.99467610074263
2.0337407680447055,0.46997683306522464
1.4554382172654037,-0.39089257294863383
0.8323836284408965,0.6406161711824758
0.1684178372055948,0.030479382143508343
1.8005501696022772,-0.06194370426920403
1.380638769421598,-0.29362712834671745
0.0613212738481965,0.9674817245136234
1.9646026864162127,0.4453332555337558
0.7376385262555627,0.729102435796654
-1.073972142910165,0.11871554094173088
0.7227121257011203,0.7315330306002722
1.942764325822688,0.13160064758802759
1.8983415122547167,0.29071056939588413
0.9437430764172345,0.430120477414358
0.919582948539896,0.4448585650476251
0.2792115841337866,-0.09410938722129837
0.4681201673260712,0.9635124467239974
1.0470909547223664,0.03949013198843055
-0.5825750113547974,0.8037114344461078
0.09548222176974608,0.9472423034794802
1.9246343302284104,0.20222936735817643
-0.8073107819515517,0.6347046339068914
0.9704439298316351,0.35213967535222723
0.7510010107154723,-0.5334216658706251
-0.7921923870627099,0.6549773237100086
-0.9453197844821954,0.13174814478857055
-0.9727069664229,0.4173538849259283
-0.7190309974040919,0.7260236810461704
0.6395082716072705,0.736564068220465
1.9220419199640275,0.35846339868889043
0.673966667132449,-0.43478379353994856
-0.3700787010379004,0.9487014962363782
-0.8720583088214569,0.40153274814406736
0.5119859540990859,-0.43315883193696963
-0.41623222684193883,0.921642559547323
0.5592909890774285,-0.36238243731982045
0.5495789139910598,0.7725657059851073
1.1425704646032273,-0.4434780562783071
0.5094992249389639,-0.2994144627746446
0.9274536512459628,0.4695472543522546
0.7387001625930119,0.7171640343926743
1.011975365462208,0.03644025433260055
0.355450839620571,-0.2482554098227293
0.9201827385507511,0.5900372014110096
0.777415678711352,-0.38621795283133936
-0.733422026512601,0.7639492574463388
0.9298394623622048,-0.4928171894990725
0.4091170046394297,0.8773795410575704
0.02544571855975654,0.2290945075124427
-0.9398007219387524,0.3775010827778727
0.8602367686504839,-0.3932487869187173
-0.43951726779589917,0.9952455402576386
0.911133038475463,0.22982345085701258
0.88064190528726,0.6000810660035586
0.014737199936089844,0.2369418114623705
1.035904980053153,0.2710206979681041
1.159687798931912,-0.5948099513380294
-0.935906325639855,0.43872081382087763
0.6564032563202064,-0.43963194513957204
-0.8635619265581116,0.4942425211134415
-0.004102553645991942,0.23358414926357715
0.6302080616711101,0.9146095354370005
1.9668049674342718,0.4352327282661454
0.22673916662553406,0.9682282764442375
1.6544551737424633,-0.1662817504441944
0.05852652561898949,0.22723991962871087
0.018090002650477596,0.14776156612194347
0.3703939298970907,-0.2702888038223953
-0.1843069093074537,1.0485446502594318
0.3699373037415241,0.8864762144971121
0.550704524225588,0.856598055767287
1.0410620036086482,0.16108111748622872
0.06874284291017124,0.03013383577571782
-0.7221111928821767,0.7135706216694031
-0.8708333882038858,0.4205597205201768
0.1883913809743216,-0.025806131585363087
-0.9479233004368843,0.20275936207083
-0.7829063572676241,0.6505192219321906
1.0201694373095047,0.27055516835125865
-0.9561577457240111,0.1735795913664987
0.50711956345152,0.8074863033246887
0.3804598410623284,-0.31977732392313446
0.2810214154925175,1.0106408272749152
0.9278450247991766,0.013015245354475872
-0.612531329422831,0.7925920975129098
-0.0008813360267038058,0.2879205428710186
-1.0366584648476624,0.19482360013253638
0.120354962465823,0.9724821183377209
0.9433714483018607,-0.5103000060740328
1.5459664744951642,-0.2418389117263418
1.5121152902290793,-0.33065400598787165
-0.6274373933895324,0.799930493328024
-0.3546641090832312,0.9796762251831798
1.0324664786155262,0.023036975202218965
2.0416252242509327,0.26262605880396284
1.1264320181676932,-0.4993306560639209
0.012772248730802375,0.3182425851727152
-0.5212937430793168,0.8644387751334199
0.9911124321950766,0.2463395262015014
0.3793522640289986,-0.23017874452796627
-0.3118588799146869,0.9915356712160144
0.6110454929871785,0.8671480385936473
1.4934420289573316,-0.42561594194478375
1.5533088068478016,-0.3287075989332178
0.10914484526673252,0.9674027185583809
1.1047843726112914,0.30839313810570784
1.9454785286859488,-0.0006419674414325574
0.4964475133536315,0.86109950250493
1.02188198580029,-0.47864901301478935
0.5247534947508806,0.8379790727767749
0.32616877521196114,-0.17666333011275492
-0.8230537846244187,0.459236939079693
0.6512252684760913,0.7775664402990716
-0.5766191589482718,0.9445106660427094
-1.054515488807102,0.14879324526226623
1.4578012697589853,-0.33837895931993556
1.7716120515411755,-0.23631666949422925
0.1812202849952253,0.8826130553682747
0.1002766450696383,0.14382341662725645
0.9738290691716518,0.018488358213643037
-0.6943923334804276,0.7648980754611602
1.9623333289325706,0.2432700661448706
-0.0768825221795242,0.9687296510633813
-0.5262786137388541,0.9021208705079764
0.17046906601374445,-0.20055573478778338
0.864146990583789,0.3907138295852936
2.030022232031926,0.4259885089712248
2.0023722312042036,0.2698908366724718
1.958354302396292,0.15777699623504227
0.5757682415034846,-0.35920813959172054
1.1603970960520513,-0.5577260139960152
0.643655617233466,0.7689376157665682
-1.0980300830311516,0.016243079552890127
0.35435602140574857,-0.1914892185283426
0.9840440756167071,0.14707640808500025
-0.11303119874348999,0.9889330331291966
0.1990053223381244,-0.15315856497315306
1.6288180802161207,-0.24533974413252777
-0.4820723958286939,0.8877929662010424
0.7156753769473607,-0.5288375187472374
-0.7192837907906465,0.7746370511784394
-0.1715629456862859,1.0328293159766873
-0.5084730613541893,0.8333710301403042
1.6249114364162607,-0.24230919477974253
0.1300018728160937,-0.050777398888720585
-1.009175565490164,0.20435493165813673
0.5407654917470915,-0.37589678705521945
0.6595352490427197,0.7471373481739388
0.0428820001728378,0.46361378734193887
0.39179285506591216,0.9106574920044571
1.2124282108824416,-0.5608450006434299
0.06537265176843388,0.996456884671888
-0.6069121800683543,0.8751571255782634
1.737954565854376,-0.21827236427446853
0.328144714454463,-0.12695176098565422
-0.8843029998855365,0.451960231395954
1.8317009155573571,-0.10429433753761745
1.9753146523911973,0.21375066567610118
1.739576998740365,0.016816103183094927
-0.0007098334550271123,0.5755183134927123
1.644501761723566,-0.1651568424107852
-0.3204197478562395,0.9366687604237603
0.18382144392481373,-0.1683331343841097
-0.5200747278916253,0.7438511804134463
0.08234374790369774,0.18377096716676317
1.6949001435050384,-0.24321834527105107
0.981384530615255,-0.48980693672859604
0.43118820935581403,-0.3358426203222958
1.677167609703204,-0.28495184643000787
0.6465984795442914,0.8227473763235461
0.924322294506825,0.4046277289501936
0.21738554996771275,-0.03277386470918514
0.06549390049911993,0.969906297821637
0.9043884142534887,-0.49862400585966393
0.39226420316690785,0.9978124107903655
1.558045865607523,-0.2601834704366076
1.9777275159136416,0.22523090736072
1.0320907882894972,0.18881188394234877
0.15032024660249216,-0.08066012961569627
0.023738506448665465,0.9450693032922355
0.8581051491202599,0.524222953896252
-0.9126540428462872,0.37685822816806436
0.9411991624751945,0.2328487760552751
1.0344053011491292,0.16354375370471227
-0.43652365117286535,1.000568061177032
0.20567624915623134,-0.03299216290518703
0.6246650598038548,-0.36998203726174045
1.0584020538123904,-0.5674106434831919
-1.0972243336470036,0.09983192611256785
0.18986925998896087,0.9935771897747435
0.3480226086893513,-0.2043809651148795
-0.7360805762414516,0.6837705036690603
0.4203579882719474,-0.20036552060335916
1.9573437874774806,0.187183625591749
0.9623942358996157,0.3843040835663082
-0.7618934063565067,0.5816660338926507
1.8038581386249952,-0.15470511122990727
0.20330500430305287,0.0790492808139781
