51044,1/18/12,19,0.01,120,2299.17,Linda Brennan,Florida,South,Development - Business Logic,1,0.52
52837,1/18/12,32,0.08,200,5997.47,Julie Grinstein,New Hampshire,East,Development - Big Data,1,0.78
6886,1/19/12,46,0.08,200,8621.57,Maureen Sundaresam,California,West,Development - Big Data,1,0.65
8034,1/19/12,31,0.01,170,5314.43,Dennis Chand,North Carolina,South,Development - .Net,1,0.65
8034,1/19/12,13,0.02,120,1557.26,Dennis Chand,North Carolina,South,Development - Business Logic,1,0.44
8034,1/19/12,36,0.08,125,4217.07,Dennis Chand,North Carolina,South,Training - Javascript,1,0.46
11969,1/19/12,16,0.08,200,2998.81,Ivan Wooten,Minnesota,Central,Development - Big Data,1,0.72
11969,1/19/12,9,0.03,125,1111.57,Ivan Wooten,Minnesota,Central,Training - Javascript,1,0.46
11969,1/19/12,42,0.1,125,4812.96,Ivan Wooten,Minnesota,Central,Training - Javascript,1,0.58
33285,1/19/12,5,0.01,200,1008.43,Michael Goranitis,Florida,South,Development - Big Data,1,0.75
33956,1/19/12,13,0,125,1655.25,Aaron Matthias,New York,East,Training - SQL,1,0.54
50433,1/19/12,50,0.1,150,6875.66,Jennifer Grady,Oklahoma,Central,Consulting - Strategy,1,0.59
6016,1/20/12,19,0.07,110,1979.93,Skye Foster,Illinois,Central,Development - Python,1,0.44
19617,1/20/12,38,0.03,150,5632.07,Jack Cacioppo,Indiana,Central,Consulting - Strategy,1,0.65
19617,1/20/12,3,0.07,150,426.3,Jack Cacioppo,Indiana,Central,Consulting - Market Research,1,0.53
29223,1/20/12,48,0.04,125,5867.38,Greg Carlisle,Maryland,East,Training - Development,1,0.53
38690,1/20/12,28,0.02,150,4192.73,Shahid Bixby,Michigan,Central,Consulting - Strategy,1,0.61
11428,1/21/12,16,0,110,1792.85,Bill McGarr,Nebraska,Central,Development - PHP,1,0.35
40706,1/21/12,40,0.08,200,7497.39,Nora Van,Florida,South,Development - Scala,1,0.67
55618,1/21/12,48,0.04,150,7041.02,Brian Mautz,Indiana,Central,Consulting - Market Research,1,0.61
9761,1/22/12,2,0.04,150,293.38,Todd Cacioppo,Wisconsin,Central,Consulting - Strategy,1,0.55
9761,1/22/12,23,0.08,110,2371.11,Todd Cacioppo,Wisconsin,Central,Development - Python,1,0.55
28582,1/22/12,40,0.06,150,5745.42,Alex Daniels,Kansas,Central,Consulting - Business Model,1,0.59
28582,1/22/12,45,0.02,110,4941.67,Alex Daniels,Kansas,Central,Development - Python,1,0.46
44549,1/22/12,5,0.08,160,749.76,Bill Black,California,West,Development - Java,1,0.63
2688,1/23/12,31,0.1,150,4263.33,Thais Roper,Florida,South,Consulting - Market Research,1,0.59
2688,1/23/12,7,0.09,150,973.38,Thais Roper,Florida,South,Consulting - Business Model,1,0.55
2688,1/23/12,11,0.01,150,1664.07,Thais Roper,Florida,South,Consulting - Market Research,1,0.53
6373,1/23/12,1,0.01,170,171.45,Denise Catini,Maine,East,Development - .Net,1,0.69
41441,1/23/12,41,0,160,6682.78,Tom Lampkin,Maryland,East,Development - Java,1,0.58
26053,1/24/12,48,0.07,110,5002.43,Cynthia Irving,Colorado,West,Development - Python,1,0.48
44647,1/24/12,47,0.06,125,5626,Ross Stobb,Maryland,East,Training - Development,1,0.53
44647,1/24/12,24,0.05,200,4645.46,Ross Stobb,Maryland,East,Development - Big Data,1,0.72
46243,1/24/12,31,0.02,110,3404.43,Maria Wilson,MO,Central,Development - Python,1,0.36
46243,1/24/12,1,0.03,120,118.58,Maria Wilson,MO,Central,Development - Business Logic,1,0.58
46243,1/24/12,31,0.05,120,3600.23,Maria Wilson,MO,Central,Development - Business Logic,1,0.58
26759,1/25/12,30,0.03,160,4743.37,Bobby Lacy,Nebraska,Central,Development - Java,1,0.64
54177,1/25/12,12,0.1,160,1760.43,Maria Wilson,MO,Central,Development - Java,1,0.72
54177,1/25/12,25,0.1,110,2521.45,Maria Wilson,MO,Central,Development - Python,1,0.36
28129,1/26/12,5,0.05,110,532.32,Nora Airdo,California,West,Development - Python,1,0.32
32966,1/26/12,4,0.08,150,562.37,Steven Barreto,Florida,South,Consulting - Strategy,1,0.53
32966,1/26/12,43,0.01,120,5204.39,Steven Barreto,Florida,South,Development - Business Logic,1,0.57
48003,1/26/12,30,0.05,150,4355.33,Darren Perrino,Texas,Central,Consulting - Business Model,1,0.65
48003,1/26/12,12,0.04,125,1467.06,Darren Perrino,Texas,Central,Training - SQL,1,0.43
4804,1/27/12,13,0,150,1986.69,Kean Collister,California,West,Consulting - Business Model,1,0.65
31170,1/27/12,32,0.09,150,4450.19,Suzanne Molinari,Louisiana,South,Consulting - Business Model,1,0.55
36418,1/27/12,33,0.08,160,4949,Robert Drucker,Ohio,East,Development - Java,1,0.56
41760,1/27/12,21,0.04,160,3286.29,Erica Gardner,Washington,West,Development - Java,1,0.63
41760,1/27/12,22,0,125,2801.74,Erica Gardner,Washington,West,Training - SQL,1,0.52
41760,1/27/12,7,0.08,150,984.18,Erica Gardner,Washington,West,Consulting - Market Research,1,0.67
41760,1/27/12,40,0.05,150,5807.25,Erica Gardner,Washington,West,Consulting - Market Research,1,0.62
45984,1/27/12,27,0.01,120,3267.95,Janet Daniels,Maine,East,Development - Business Logic,1,0.48
8070,1/28/12,14,0,120,1711.65,Rick Coakley,Georgia,South,Development - Business Logic,1,0.44
36484,1/28/12,41,0.01,150,6203.21,Cari Chung,Texas,Central,Consulting - Market Research,1,0.53
46852,1/28/12,46,0.02,150,6889.4,Sean Witt,Florida,South,Consulting - Business Model,1,0.61
46852,1/28/12,44,0.01,150,6657.11,Sean Witt,Florida,South,Consulting - Business Model,1,0.55
3168,1/29/12,14,0.04,125,1711.69,Jasper Galang,New York,East,Training - SQL,1,0.4
9253,1/30/12,36,0.05,125,4355.76,Daniel Price,New York,East,Training - SQL,1,0.58
9925,1/30/12,43,0.1,160,6308.97,Chad Bavinger,Minnesota,Central,Development - Java,1,0.56
9925,1/30/12,17,0.07,160,2577.39,Chad Bavinger,Minnesota,Central,Development - Java,1,0.56
9925,1/30/12,31,0.02,120,3714.47,Chad Bavinger,Minnesota,Central,Development - Business Logic,1,0.58
20003,1/30/12,39,0.05,150,5662.48,Shirley Yotov,North Dakota,Central,Consulting - Business Model,1,0.55
20003,1/30/12,5,0.09,150,695.39,Shirley Yotov,New York,East,Consulting - Market Research,1,0.6
44167,1/30/12,23,0.08,200,4311.94,Jim Nazzal,Virginia,South,Development - Big Data,1,0.66
53795,1/30/12,40,0.1,110,4034.81,Sandra Prescott,Ohio,East,Development - Python,1,0.54
53795,1/30/12,21,0.05,150,3049.03,Sandra Prescott,Ohio,East,Consulting - Market Research,1,0.53
20256,1/31/12,24,0.01,200,4841.89,Roland Paige,Minnesota,Central,Development - Big Data,1,0.65
41312,1/31/12,21,0.05,150,3049.1,Jonathan Phelps,Texas,Central,Consulting - Business Model,1,0.53
54020,1/31/12,35,0.05,110,3726.68,Jennifer Lee,New York,East,Development - Python,1,0.35
54020,1/31/12,43,0.09,110,4385.72,Jennifer Lee,New York,East,Development - Python,1,0.47
57280,1/31/12,44,0.03,110,4783.6,Dennis Chand,North Carolina,South,Development - Python,1,0.35
6757,2/1/12,27,0.1,200,4952.05,Brooke Abelman,Oregon,West,Development - Big Data,1,0.67
6757,2/1/12,11,0.1,125,1260.94,Brooke Abelman,Oregon,West,Training - Javascript,1,0.44
34470,2/1/12,31,0.08,125,3632.52,Vivek Brown,Maryland,East,Training - Tableau,1,0.5
50148,2/1/12,9,0,150,1375.57,Roy Schnelling,Washington,West,Consulting - Strategy,1,0.66
58113,2/1/12,48,0.07,160,7277.68,Anemone Joy,Texas,Central,Development - Java,1,0.58
58113,2/1/12,12,0.05,150,1742.39,Anemone Joy,Texas,Central,Consulting - Market Research,1,0.6
8832,2/2/12,39,0.1,125,4470.71,Giulietta Ferguson,California,West,Training - SQL,1,0.59
22916,2/2/12,18,0.04,110,1936.85,Pete Tran,Pennsylvania,East,Development - Python,1,0.54
32513,2/2/12,23,0.03,160,3637.3,Andrew Benoit,Colorado,West,Development - Java,1,0.58
32513,2/2/12,40,0.01,120,4842.12,Andrew Benoit,Colorado,West,Development - Business Logic,1,0.57
39813,2/2/12,48,0.03,110,5218.73,Tonja Murray,Washington,West,Development - Python,1,0.45
41345,2/2/12,36,0.04,140,4930.16,Magdelene Brockman,Texas,Central,Development - Database,1,0.57
7072,2/4/12,29,0.07,160,4397.25,Maureen Weiss,Pennsylvania,East,Development - Java,1,0.63
40100,2/4/12,47,0,110,5268.31,Sandra Prescott,Ohio,East,Development - Python,1,0.44
16548,2/5/12,22,0.06,125,2634.22,Darren Perrino,Texas,Central,Training - SQL,1,0.4
16548,2/5/12,40,0.04,125,4891.39,David Hawkins,MA,East,Training - Javascript,1,0.59
34083,2/5/12,29,0.02,150,4344.17,Barry Packer,Colorado,West,Consulting - Market Research,1,0.61
40098,2/5/12,46,0,160,7500.13,Dianna Martinez,Arizona,West,Development - Java,1,0.68
40098,2/5/12,50,0,110,5604.72,Dianna Martinez,Arizona,West,Development - Python,1,0.39
50567,2/5/12,22,0.1,125,2522.12,Vivek Brown,Maryland,East,Training - Development,1,0.58
2755,2/6/12,30,0.03,160,4744.77,Jane Ordway,Ohio,East,Development - Java,1,0.56
2755,2/6/12,50,0,110,5604.86,Jane Ordway,Ohio,East,Development - Python,1,0.46
16866,2/6/12,43,0.06,150,6178.59,Penelope Pistole,Florida,South,Consulting - Market Research,1,0.53
24448,2/6/12,46,0.05,125,5566.64,Roy Peterman,Florida,South,Training - Javascript,1,0.43
58978,2/6/12,13,0.09,110,1326.11,Kristina Willman,Michigan,Central,Development - Python,1,0.35
8224,2/7/12,41,0.03,120,4863.5,John Dowd,Ohio,East,Development - Business Logic,1,0.41
11683,2/7/12,28,0.03,150,4151.77,Fred Southworth,New York,East,Consulting - Market Research,1,0.7
27909,2/7/12,1,0.09,110,102.01,Monica Brumfield,Illinois,Central,Development - Python,1,0.47
27909,2/7/12,47,0.07,140,6236.22,Monica Brumfield,Illinois,Central,Development - Database,1,0.68
